Epoch,Raw_Loss,Smoothed_Loss
0.0,1.6586525440216064,1.658652544021607
0.013339261894175189,1.059525728225708,1.628696203231812
0.026678523788350377,1.0185985565185547,1.5966935038566592
0.040017785682525564,1.6378692388534546,1.5956543385982516
0.053357047576700754,0.7906626462936401,1.552254843711853
0.06669630947087594,0.6532729268074036,1.5019858628511429
0.08003557136505113,0.5812779068946838,1.4481171309947969
0.09337483325922633,0.4425654411315918,1.387312775850296
0.10671409515340151,1.1272566318511963,1.3607429802417754
0.12005335704757669,0.29216817021369934,1.2924187615513802
0.1333926189417519,1.0924482345581055,1.264108546078205
0.1467318808359271,0.5249888300895691,1.2074253603816034
0.16007114273010226,0.6042766571044922,1.1547065660357476
0.17341040462427745,0.35165420174598694,1.0893566489219668
0.18674966651845265,0.4927216172218323,1.031060102581978
0.20008892841262782,0.5722046494483948,0.9767377078533174
0.21342819030680302,1.1797479391098022,0.9527924776077272
0.22676745220097821,0.14754585921764374,0.8772371433675291
0.24010671409515338,0.5042757987976074,0.8195183061063291
0.2534459759893286,0.3447944223880768,0.7538254000246526
0.2667852378835038,0.6156681180000305,0.7016761787235737
0.28012449977767895,0.21011210978031158,0.6592054978013039
0.2934637616718542,0.37309589982032776,0.6269303649663925
0.30680302356602934,0.6607891321182251,0.5780763596296311
0.3201422854602045,0.1629709005355835,0.5466917723417282
0.33348154735437974,0.26311877369880676,0.5271840646862984
0.3468208092485549,0.7019016146659851,0.5332152500748635
0.3601600711427301,0.41551172733306885,0.5318625643849373
0.3734993330369053,0.5062192678451538,0.5008106961846353
0.38683859493108047,0.5802316069602966,0.515213868021965
0.40017785682525564,0.09252594411373138,0.4652177534997463
0.41351711871943087,0.28038254380226135,0.4529874391853809
0.42685638061360603,0.12807509303092957,0.4291773609817028
0.4401956425077812,0.13600021600723267,0.4183946616947651
0.45353490440195643,0.29037684202194214,0.40827742293477054
0.4668741662961316,0.35194146633148193,0.39726426377892493
0.48021342819030677,0.7486370801925659,0.3757087208330631
0.493552690084482,0.39756083488464355,0.3882094696164131
0.5068919519786572,0.1379864513874054,0.36989500224590305
0.5202312138728323,0.6398959755897522,0.3846500799059868
0.5335704757670076,0.29551902413368225,0.3686426252126694
0.5469097376611828,0.2692640423774719,0.37160022184252745
0.5602489995553579,0.8681727051734924,0.39635406211018565
0.5735882614495331,0.09854137897491455,0.3682416744530201
0.5869275233437083,1.4569991827011108,0.43294308856129643
0.6002667852378835,0.5523093342781067,0.4474026165902615
0.6136060471320587,0.11019349843263626,0.417817210778594
0.6269453090262339,0.1725795418024063,0.4056706015020609
0.640284570920409,0.19439680874347687,0.39007947854697705
0.6536238328145842,0.6754816770553589,0.3948419820517301
0.6669630947087595,0.11909273266792297,0.3961703214794397
0.6803023566029346,0.30499154329299927,0.39740077145397656
0.6936416184971098,0.13431940972805023,0.3977129872888326
0.706980880391285,0.5147849917411804,0.41665222607553004
0.7203201422854602,0.39278900623321533,0.42177283428609375
0.7336594041796354,0.6683971285820007,0.43759561739861963
0.7469986660738106,1.2120500802993774,0.46076626740396026
0.7603379279679857,0.10970338433980942,0.44637339487671857
0.7736771898621609,0.16812720894813538,0.4478804327547551
0.7870164517563362,0.5949156880378723,0.4456314183771611
0.8003557136505113,0.7098087072372437,0.46634590253233915
0.8136949755446865,0.4548060894012451,0.47562300488352777
0.8270342374388617,0.13284087181091309,0.4388564132153988
0.8403734993330368,0.2254599779844284,0.4452023431658745
0.8537127612272121,0.23442408442497253,0.38407358825206755
0.8670520231213873,0.2520926296710968,0.36906275302171704
0.8803912850155624,0.1196785494685173,0.3695370055735111
0.8937305469097376,0.7057066559791565,0.3961933612823486
0.9070698088039129,0.3252817988395691,0.40273761078715326
0.920409070698088,0.2883272171020508,0.3833798877894879
0.9337483325922632,0.5809105038642883,0.4064707763493062
0.9470875944864384,0.42392951250076294,0.4124176748096943
0.9604268563806135,0.030865110456943512,0.40724495984613895
0.9737661182747888,0.07998736202716827,0.38550507836043835
0.987105380168964,0.3111485242843628,0.3814230542629957
1.0004446420631392,0.5288474559783936,0.37444557063281536
1.0137839039573144,0.1356440633535385,0.3206252697855234
1.0271231658514894,0.5636077523231506,0.34332048818469046
1.0404624277456647,1.0655673742294312,0.3881924964487553
1.05380168963984,0.34699270129203796,0.3757963471114636
1.0671409515340151,0.11083129793405533,0.34584747664630416
1.0804802134281903,0.08049549907445908,0.32713194712996485
1.0938194753223656,1.0790067911148071,0.37444024309515955
1.1071587372165406,0.3621261417865753,0.38127355128526685
1.1204979991107158,0.0774402767419815,0.37342436090111725
1.133837261004891,0.2390390783548355,0.37277168333530425
1.1471765228990662,0.16669997572898865,0.37512275464832784
1.1605157847932415,0.2741709351539612,0.35354596860706805
1.1738550466874167,0.5967007279396057,0.3671169150620699
1.1871943085815917,0.15433795750141144,0.36041745208203796
1.200533570475767,0.168840691447258,0.3398139614611865
1.2138728323699421,0.27817487716674805,0.3325262296944857
1.2272120942641174,0.4572913944721222,0.35384754389524464
1.2405513561582926,0.21894650161266327,0.3607955008745194
1.2538906180524678,0.08816821128129959,0.3496464852243662
1.2672298799466428,0.2893823981285095,0.337673232331872
1.280569141840818,0.08876185119152069,0.3353291217237711
1.2939084037349933,0.1986541897058487,0.317081443592906
1.3072476656291685,0.6753370761871338,0.29756992869079113
1.3205869275233437,0.1166113093495369,0.28605085909366607
1.333926189417519,0.2811107039451599,0.2945648293942213
1.347265451311694,0.2859260141849518,0.30483635514974594
1.3606047132058692,0.45111384987831116,0.2734417080879211
1.3739439751000444,0.36839500069618225,0.2737551510334015
1.3872832369942196,0.23025071620941162,0.281395673006773
1.4006224988883949,0.7618108987808228,0.3075342640280723
1.41396176078257,0.10869081318378448,0.3046338059008122
1.427301022676745,0.18477608263492584,0.3001640632748604
1.4406402845709203,0.4017198979854584,0.290415021777153
1.4539795464650955,0.5986611843109131,0.31263118311762816
1.4673188083592708,0.24898217618465424,0.31663825735449797
1.480658070253446,0.12786056101322174,0.30912254154682167
1.4939973321476212,0.8621145486831665,0.32936369925737385
1.5073365940417962,0.21538934111595154,0.3291858412325383
1.5206758559359714,0.08352906256914139,0.3289538837969303
1.5340151178301467,0.348620742559433,0.33191580101847645
1.5473543797243219,0.10513525456190109,0.33273447118699556
1.560693641618497,0.39243099093437195,0.3424233112484217
1.5740329035126723,0.41850852966308594,0.3295818839222193
1.5873721654068473,0.09315027296543121,0.328408832103014
1.6007114273010226,0.4734412133693695,0.33802535757422447
1.6140506891951978,0.07513409852981567,0.3274857617914677
1.627389951089373,0.16380257904529572,0.3131201982498169
1.6407292129835482,0.8373403549194336,0.3365674659609795
1.6540684748777235,0.8359453082084656,0.3668521955609322
1.6674077367718985,0.23205532133579254,0.3403644166886806
1.6807469986660737,1.028389811515808,0.38634936660528185
1.694086260560249,0.060082435607910156,0.3801146842539311
1.7074255224544241,0.15906323492527008,0.36798185110092163
1.7207647843485994,0.19208067655563354,0.3476528257131577
1.7341040462427746,0.7012431621551514,0.3702658750116825
1.7474433081369498,0.20927691459655762,0.37433669269084935
1.7607825700311248,0.7562444806098938,0.3690431892871857
1.7741218319253,0.05618901550769806,0.361083173006773
1.7874610938194753,0.17761817574501038,0.36578762866556647
1.8008003557136505,0.36556634306907654,0.36663490869104864
1.8141396176078257,0.6909869909286499,0.3959274955093861
1.827478879502001,0.2679673135280609,0.38970431163907054
1.840818141396176,0.04417809098958969,0.37098778970539575
1.8541574032903512,0.465633362531662,0.3896119441837073
1.8674966651845264,1.1703611612319946,0.4244579415768386
1.8808359270787016,1.0631438493728638,0.47385842911899095
1.8941751889728768,0.32526376843452454,0.4819314885884524
1.907514450867052,0.6210604906082153,0.4711174953728915
1.920853712761227,0.2602667510509491,0.4423335675150157
1.9341929746554023,0.3975653052330017,0.4506090667098761
1.9475322365495775,0.0430760383605957,0.4013433780521155
1.9608714984437527,1.1004091501235962,0.45335971377789985
1.974210760337928,0.25730758905410767,0.45827193148434164
1.9875500222321032,0.6661138534545898,0.4819735903292895
2.0008892841262784,0.10786032676696777,0.4523044485598803
2.0142285460204534,1.2637434005737305,0.5050277728587389
2.027567807914629,0.4133263826370239,0.48788186796009536
2.040907069808804,1.6198920011520386,0.5660670172423125
2.054246331702979,0.5733088254928589,0.5858515497297049
2.0675855935971543,0.6657025218009949,0.6008583586663008
2.0809248554913293,0.8856008648872375,0.6105890523642302
2.0942641173855048,0.07580392062664032,0.6009808827191592
2.10760337927968,0.14256790280342102,0.6059003733098508
2.120942641173855,0.17577973008155823,0.5914076916873454
2.1342819030680302,0.3101648688316345,0.5483978770673275
2.1476211649622052,0.05911209434270859,0.4981962893158198
2.1609604268563807,0.11138531565666199,0.48750236667692665
2.1742996887505557,0.0675814300775528,0.4598284136503935
2.187638950644731,0.2777189016342163,0.46070102117955686
2.200978212538906,0.2664842903614044,0.454146970435977
2.214317474433081,0.4255312383174896,0.4732697304338217
2.2276567363272566,0.09877873212099075,0.42318820953369135
2.2409959982214316,0.9361933469772339,0.4571324974298477
2.254335260115607,0.07814450562000275,0.4277340300381184
2.267674522009782,0.41006216406822205,0.4428441219031812
2.281013783903957,0.6485548615455627,0.41208469495177275
2.2943530457981325,0.3112461566925049,0.40698068365454676
2.3076923076923075,0.16508173942565918,0.33424017056822775
2.321031569586483,0.13215093314647675,0.31218227595090864
2.334370831480658,0.05832267925143242,0.28181328382343057
2.3477100933748334,0.22487862408161163,0.24877717178314926
2.3610493552690084,1.0284833908081055,0.2964111452922225
2.3743886171631834,0.1326243132352829,0.2959139658138156
2.387727879057359,0.0486212782561779,0.28955604322254663
2.401067140951534,0.28420528769493103,0.2882580641657114
2.4144064028457093,0.12824028730392456,0.2917144738137722
2.4277456647398843,0.15373879671096802,0.29383214786648754
2.4410849266340593,0.10628451406955719,0.2957673020660877
2.4544241885282347,0.2621760070323944,0.29499015733599665
2.4677634504224097,0.3370792865753174,0.29851990714669224
2.481102712316585,0.33137258887290955,0.29381197467446324
2.49444197421076,0.26250526309013367,0.3019983012229204
2.5077812361049356,0.6502544283866882,0.28770135529339314
2.5211204979991106,0.2975689172744751,0.2986725758761168
2.5344597598932856,0.8551727533340454,0.32092810533940797
2.547799021787461,0.09109924733638763,0.29305532462894923
2.561138283681636,0.05104950815439224,0.2800454922020436
2.5744775455758115,0.16592219471931458,0.28008751496672635
2.5878168074699865,0.17538167536258698,0.28224905207753187
2.601156069364162,0.22959041595458984,0.29081243891268976
2.614495331258337,0.11681985855102539,0.2854095006361604
2.627834593152512,0.5230522751808167,0.2601379448547959
2.6411738550466874,0.19598248600959778,0.2633058534935117
2.6545131169408624,0.34571897983551025,0.2781607385724783
2.667852378835038,0.16338972747325897,0.2721199605613947
2.681191640729213,0.3428424000740051,0.2828500661998987
2.694530902623388,0.35919567942619324,0.29312291033565996
2.7078701645175633,0.10217174142599106,0.2929172717034817
2.7212094264117384,0.049499597400426865,0.2822834512218833
2.734548688305914,0.18609587848186493,0.2747342808172107
2.747887950200089,0.13137918710708618,0.26473461072891946
2.7612272120942642,1.3944480419158936,0.3213317496702075
2.7745664739884393,0.6186792254447937,0.3197529895231128
2.7879057358826143,0.029057586565613747,0.30632742298766974
2.8012449977767897,0.3643559515476227,0.28178658289834857
2.8145842596709647,0.4750553369522095,0.3009843873791397
2.82792352156514,0.3442286550998688,0.3156433447264135
2.841262783459315,0.2511990964412689,0.3199071898125112
2.85460204535349,0.32573428750038147,0.3274248204194009
2.8679413072476656,0.08024395257234573,0.31995749725028866
2.8812805691418406,1.340110182762146,0.38112201346084473
2.894619831036016,0.2822009325027466,0.36907944632694123
2.907959092930191,0.1880636215209961,0.3686835031025112
2.9212983548243665,0.4217102527618408,0.37248306674882775
2.9346376167185415,0.15491779148578644,0.3720594699494541
2.9479768786127165,0.1105685904622078,0.36044577946886425
2.961316140506892,0.06388266384601593,0.34568012868985537
2.974655402401067,0.7944183945655823,0.3802924613468349
2.9879946642952424,0.31912142038345337,0.3937735524959862
3.0013339261894174,0.06640277802944183,0.3877888974733651
3.0146731880835924,0.25864550471305847,0.39415221335366374
3.028012449977768,1.408895492553711,0.39487458588555463
3.041351711871943,0.3942854404449463,0.3836548966355622
3.0546909737661183,0.18777750432491302,0.3915908925235272
3.0680302356602933,0.14165809750556946,0.3804559998214245
3.0813694975544688,0.15134193003177643,0.3642703294754028
3.0947087594486438,0.5810046195983887,0.37610912770032884
3.1080480213428188,0.03110887110233307,0.36510461643338205
3.121387283236994,0.5231125950813293,0.3749735318124295
3.134726545131169,0.22714506089687347,0.3823185872286559
3.1480658070253447,0.1498858779668808,0.32280737198889264
3.1614050689195197,0.04767073690891266,0.3110808622092009
3.1747443308136947,0.09474693983793259,0.30641502812504773
3.18808359270787,0.09830985963344574,0.29024500846862794
3.201422854602045,0.3678532838821411,0.30089178308844566
3.2147621164962206,0.342237651348114,0.312475236132741
3.2281013783903956,0.14659154415130615,0.3166106801480055
3.241440640284571,0.08635489642620087,0.28120750524103644
3.254779902178746,0.06244049221277237,0.26837345883250235
3.268119164072921,0.040635086596012115,0.2670850742608309
3.2814584259670965,0.17676028609275818,0.2629908133298159
3.2947976878612715,0.32639557123184204,0.20886581726372241
3.308136949755447,0.06561145931482315,0.19243211820721629
3.321476211649622,0.32820385694503784,0.19945343583822253
3.334815473543797,0.190179705619812,0.20187951624393463
3.3481547354379724,0.06032983213663101,0.19732891134917735
3.3614939973321474,0.8915787935256958,0.21285762004554273
3.374833259226323,0.5594082474708557,0.23927258886396882
3.388172521120498,0.33819082379341125,0.23002650029957294
3.4015117830146733,0.0701863020658493,0.22217856235802172
3.4148510449088483,0.16505083441734314,0.22293681018054484
3.4281903068030233,0.18551477789878845,0.22982901223003865
3.4415295686971987,0.027082715183496475,0.22644580099731684
3.4548688305913737,0.12019098550081253,0.22753985729068518
3.468208092485549,0.276801735162735,0.22298727985471486
3.481547354379724,0.14948968589305878,0.2133498815819621
3.4948866162738996,0.27227139472961426,0.2196338741108775
3.5082258781680746,0.49227097630500793,0.23992967810481788
3.5215651400622496,0.5875730514526367,0.2661863060668111
3.534904401956425,0.30178016424179077,0.2792435599491
3.5482436638506,0.11135069280862808,0.27597308028489353
3.5615829257447755,0.9008234143257141,0.30469447243958714
3.5749221876389505,0.3796299993991852,0.32039539944380524
3.5882614495331255,0.46035152673721313,0.32700278293341395
3.601600711427301,0.2651905417442322,0.330753324739635
3.614939973321476,0.051112059503793716,0.33029243610799314
3.6282792352156514,0.2482265830039978,0.2981248255819083
3.6416184971098264,0.08375724405050278,0.27434227541089057
3.654957759004002,0.5261104106903076,0.28373825475573544
3.668297020898177,0.6436334252357483,0.3124106109142304
3.681636282792352,0.2660919725894928,0.3174626678228379
3.6949755446865273,0.4518566131591797,0.33077975958585737
3.7083148065807023,0.10264893621206284,0.3345580706372857
3.721654068474878,0.15411214530467987,0.3362541286274791
3.734993330369053,0.14375987648963928,0.32960203569382435
3.748332592263228,0.6276642084121704,0.3535107618197799
3.7616718541574032,0.4107244908809662,0.3604334166273475
3.7750111160515782,0.2170686423778534,0.34667329993098983
3.7883503779457537,0.45307254791259766,0.3399482747539878
3.8016896398399287,0.02608497440814972,0.3261635152623057
3.815028901734104,0.06397771835327148,0.32379486653953793
3.828368163628279,0.1747053861618042,0.2874889651313424
3.841707425522454,0.11199558526277542,0.2741072444245219
3.8550466874166296,0.4181310534477234,0.2719962207600474
3.8683859493108046,0.35627976059913635,0.2765506817027926
3.88172521120498,0.04356203228235245,0.2761731803417206
3.895064473099155,0.2180616557598114,0.27466493397951125
3.90840373499333,0.3608555793762207,0.28851985074579717
3.9217429968875055,0.14849184453487396,0.26963892243802545
3.9350822587816805,1.022465705871582,0.2885805364698172
3.948421520675856,0.5407429933547974,0.3023130875080824
3.961760782570031,0.011184386909008026,0.2802794761955738
3.9751000444642064,0.047989170998334885,0.2775464879348874
3.9884393063583814,0.20592406392097473,0.28013708386570213
4.001778568252557,0.29926684498786926,0.28791243229061364
4.015117830146732,0.1699046790599823,0.2650244558230042
4.028457092040907,0.10804101079702377,0.24989028181880713
4.041796353935082,0.2699517011642456,0.25253443475812676
4.055135615829258,0.31541863083839417,0.24565173890441655
4.068474877723433,0.4509223699569702,0.2668936086818576
4.081814139617608,0.5040403008460999,0.28889673780649905
4.095153401511783,0.020246798172593117,0.2811738084070385
4.108492663405958,0.16195741295814514,0.2836718997918069
4.121831925300134,0.08282482624053955,0.2669065884314477
4.135171187194309,0.1749621331691742,0.25784070705994966
4.148510449088484,0.27294793725013733,0.2693100023083389
4.161849710982659,0.15810130536556244,0.26631198478862644
4.175188972876834,0.3395746350288391,0.26524793757125736
4.1885282347710096,0.11034981161355972,0.26334083592519164
4.2018674966651846,0.7991238236427307,0.25217374181374913
4.21520675855936,0.07270605862140656,0.22877189507707954
4.228546020453535,0.17222025990486145,0.23682368872687223
4.24188528234771,0.0391501858830452,0.23638173947110774
4.2552245442418855,0.40858328342437744,0.24651470044627788
4.2685638061360605,0.44397062063217163,0.253749889228493
4.2819030680302355,0.07094816863536835,0.24880206370726232
4.2952423299244105,0.040279898792505264,0.24541400810703637
4.308581591818586,0.012722370214760303,0.2325525415595621
4.321920853712761,0.0644669458270073,0.22000495730899278
4.335260115606936,0.2626805901527405,0.2105928683187813
4.348599377501111,0.24531853199005127,0.19765677987597888
4.361938639395286,0.06686793267726898,0.19998783660121264
4.375277901289462,0.28357377648353577,0.20606865477748218
4.388617163183637,0.0625762790441513,0.20505622741766277
4.401956425077812,0.25546684861183167,0.20908146318979565
4.415295686971987,0.09330114722251892,0.20009912368841468
4.428634948866162,0.021976957097649574,0.19329290627501905
4.441974210760338,0.06308353692293167,0.17946835136972367
4.455313472654513,0.48826444149017334,0.19836408286355436
4.468652734548688,0.4715186357498169,0.18198382346890868
4.481991996442863,0.15204133093357086,0.1859505870845169
4.495331258337038,0.028756137937307358,0.1787773809861392
4.508670520231214,0.704253077507019,0.21203252556733793
4.522009782125389,0.0842037945985794,0.19581355112604804
4.535349044019564,0.16403593122959137,0.18181681665591898
4.548688305913739,0.018080025911331177,0.1791734095197171
4.562027567807914,0.1317925751209259,0.18374904333613815
4.57536682970209,0.08253897726535797,0.187239873688668
4.588706091596265,0.1364276111125946,0.1908379069529474
4.60204535349044,0.25219130516052246,0.19031344270333647
4.615384615384615,0.1598866879940033,0.18604185050353406
4.628723877278791,0.09105060249567032,0.1872509839944541
4.642063139172966,0.07872217148542404,0.17700840374454857
4.655402401067141,0.16784515976905823,0.18227184778079392
4.668741662961316,0.1416117548942566,0.17657909309491515
4.682080924855491,0.09722860902547836,0.17677546618506312
4.695420186749667,0.17845433950424194,0.18459933530539274
4.708759448643842,0.11196760833263397,0.18704353887587785
4.722098710538017,0.35545387864112854,0.1804030107334256
4.735437972432192,0.8237122297286987,0.19801269043236971
4.748777234326367,0.21132883429527283,0.2009770656004548
4.762116496220543,0.18258024752140045,0.2086682710796595
4.775455758114718,0.04295114427804947,0.175603174418211
4.788795020008893,0.11267811059951782,0.17702689021825793
4.802134281903068,0.13141261041164398,0.17539572417736057
4.815473543797243,0.1765344738960266,0.18331844657659532
4.828812805691419,0.0703137144446373,0.1802445035427809
4.842152067585594,0.2700462341308594,0.189619866386056
4.855491329479769,0.35388556122779846,0.2004927638918162
4.868830591373944,0.08559062331914902,0.1921627297997475
4.882169853268119,1.1524670124053955,0.24179174602031708
4.8955091151622945,0.03364182636141777,0.23892130721360447
4.9088483770564695,0.26460757851600647,0.24821557756513357
4.9221876389506445,0.8793985247612,0.28379324581474064
4.9355269008448195,0.3960016965866089,0.29651274289935825
4.948866162738995,0.21813052892684937,0.30255783889442683
4.96220542463317,0.20162653923034668,0.30371644888073207
4.975544686527345,1.0423649549484253,0.3502363162115216
4.98888394842152,1.1998615264892578,0.3924566986039281
5.002223210315695,0.014952713623642921,0.3520187227986753
5.015562472209871,0.2661975026130676,0.3547621562145651
5.028901734104046,0.15985651314258575,0.3536259694956243
5.042240995998221,0.05522285774350166,0.35423955516889694
5.055580257892396,0.04923152178525925,0.35106722572818405
5.068919519786571,0.48349615931510925,0.3686714031733572
5.082258781680747,0.16689661145210266,0.3681895100511611
5.095598043574922,0.7902238965034485,0.40418501915410165
5.108937305469097,0.04756347835063934,0.3930608813650906
5.122276567363272,0.6329066753387451,0.40701193707063793
5.135615829257447,0.03228798508644104,0.4043468051590025
5.148955091151623,0.6532130837440491,0.37938410872593525
5.162294353045798,0.1647338569164276,0.38593871025368576
5.175633614939973,0.03274425491690636,0.3743455440737307
5.188972876834148,0.10559552162885666,0.3356553939171136
5.202312138728324,0.2758907079696655,0.32964984448626644
5.215651400622499,0.2937869727611542,0.33343266667798166
5.228990662516674,0.05962975323200226,0.3263328273780644
5.242329924410849,0.14982420206069946,0.28170578973367816
5.255669186305024,0.3819591701030731,0.2408106719143689
5.2690084481992,0.01690368913114071,0.2409082206897438
5.282347710093375,0.4892902374267578,0.25206285743042833
5.29568697198755,0.25897854566574097,0.25701895905658606
5.309026233881725,0.1826157569885254,0.26338860401883724
5.3223654957759,0.025976642966270447,0.2622258600778878
5.335704757670076,0.0828472375869751,0.2421934139914811
5.349044019564251,0.14062146842479706,0.2408796568401158
5.362383281458426,0.16790759563446045,0.20976384179666638
5.375722543352601,0.7509901523590088,0.24493517549708488
5.389061805246776,0.33370333909988403,0.2299750086851418
5.402401067140952,0.2492571920156479,0.24082346903160215
5.415740329035127,0.044140566140413284,0.21036984315142038
5.429079590929302,0.1785927712917328,0.21106278887018562
5.442418852823477,0.029376979917287827,0.21089442512020468
5.455758114717652,0.47188815474510193,0.22920905677601697
5.469097376611828,0.2303476780653,0.2269319052807987
5.482436638506003,0.2523430287837982,0.2248597080819309
5.495775900400178,0.02783912979066372,0.22327017690986398
5.509115162294353,0.5018393993377686,0.24087093677371743
5.5224544241885285,0.3552071750164032,0.23953333701938392
5.5357936860827035,0.12932568788528442,0.2451544369570911
5.5491329479768785,0.36915236711502075,0.23914754344150427
5.5624722098710535,0.29111266136169434,0.24075424922630193
5.5758114717652285,0.5597444772720337,0.2596106852404773
5.589150733659404,0.8523406982421875,0.3009288880042732
5.602489995553579,0.3399575352668762,0.31378440288826825
5.615829257447754,0.09046749770641327,0.3112767043523491
5.629168519341929,0.6461513638496399,0.33518889276310804
5.642507781236104,0.13008591532707214,0.30414368091151117
5.65584704313028,1.2105169296264648,0.3479843604378402
5.669186305024455,0.47528406977653503,0.3592857043258845
5.68252556691863,0.10098185390233994,0.3621277687139809
5.695864828812805,0.44906848669052124,0.37565155448392035
5.70920409070698,0.3350834548473358,0.3909368782304227
5.722543352601156,0.2333908975124359,0.3790120153687894
5.735882614495331,0.0960608720779419,0.3722976750694216
5.749221876389506,0.07979737967252731,0.36367039261385803
5.762561138283681,0.40858280658721924,0.38270757645368575
5.775900400177856,0.06652934104204178,0.36094207353889945
5.789239662072032,0.1525624692440033,0.3508098382502794
5.802578923966207,0.2549436688423157,0.357090737298131
5.815918185860382,0.039812516421079636,0.3406237447634339
5.829257447754557,0.24691039323806763,0.3384136313572526
5.842596709648733,0.012592685408890247,0.3110560417640954
5.855935971542908,0.10260018706321716,0.27356901620514695
5.869275233437083,0.2007177472114563,0.2666070268023759
5.882614495331258,0.19963763654232025,0.27206553374417125
5.895953757225433,0.7859455943107605,0.2790552452672273
5.909293019119609,0.15355029702186584,0.280228464351967
5.922632281013784,0.08815792948007584,0.22411051434464757
5.935971542907959,0.5137591361999512,0.22603426766581838
5.949310804802134,0.1485721617937088,0.22841378306038682
5.962650066696309,0.3128616213798523,0.22160343979485336
5.975989328590485,0.06933719664812088,0.20831612688489257
5.98932859048466,0.04405185580253601,0.1988491747993976
6.002667852378835,0.5551391243934631,0.22180308741517368
6.01600711427301,0.21280425786972046,0.22845343132503332
6.029346376167185,0.02399083785712719,0.20922383288852872
6.042685638061361,0.038744211196899414,0.20783457639627162
6.056024899955536,0.07645120471715927,0.2040290131699294
6.069364161849711,0.03982588276267052,0.1932731238659472
6.082703423743886,0.030000340193510056,0.19278251505456867
6.096042685638062,0.03459566831588745,0.1821667788084597
6.109381947532237,0.0977458730340004,0.18642443818971519
6.122721209426412,0.060149896889925,0.18430192368105056
6.136060471320587,0.11448125541210175,0.17999009909108282
6.149399733214762,0.41006383299827576,0.1905114089138806
6.1627389951089375,0.01951955445110798,0.152190106920898
6.1760782570031125,0.007634250912815332,0.14489430461544542
6.1894175188972875,0.0825023204088211,0.1446115241618827
6.2027567807914625,0.24581103026866913,0.13121411886531859
6.2160960426856375,0.6617206335067749,0.1568715424509719
6.229435304579813,0.31275519728660583,0.1568662212463096
6.242774566473988,0.11332845687866211,0.15906578425783666
6.256113828368163,0.07562711834907532,0.16064454738516362
6.269453090262338,0.193820521235466,0.14257861722726375
6.282792352156513,0.18393181264400482,0.14113499496597798
6.296131614050689,0.27796706557273865,0.15383380635175853
6.309470875944864,0.06567174196243286,0.1551801828900352
6.322810137839039,0.2872045636177063,0.16571785083506255
6.336149399733214,0.5477309823036194,0.19111310581211
6.349488661627389,0.07689623534679413,0.19345790056977424
6.362827923521565,0.09579811245203018,0.19651802277658137
6.37616718541574,0.23842689394950867,0.20355207382235677
6.389506447309915,0.02028094045817852,0.20155862600076943
6.40284570920409,0.19597434997558594,0.20563328072894366
6.416184971098266,0.41064226627349854,0.2056622023927048
6.429524232992441,0.04480978846549988,0.2069267140934244
6.442863494886616,0.13217146694660187,0.21315357489511372
6.456202756780791,0.03273877874016762,0.21066539781168106
6.469542018674966,0.14411793649196625,0.2055807431228459
6.482881280569142,0.13065361976623535,0.17902739243581894
6.496220542463317,0.08405246585607529,0.1675922558642924
6.509559804357492,0.7079672813415527,0.19732419708743695
6.522899066251667,0.127325639128685,0.19990912312641743
6.536238328145842,0.3817444443702698,0.2093053192831576
6.549577590040018,0.32985201478004456,0.21660132938995957
6.562916851934193,0.24779117107391357,0.21509253466501832
6.576256113828368,0.3757147490978241,0.23059468502178787
6.589595375722543,0.048308342695236206,0.21864987397566435
6.602934637616718,0.33508843183517456,0.2080177464522421
6.616273899510894,0.06659542769193649,0.20750270606949925
6.629613161405069,0.958150327205658,0.25062031680718067
6.642952423299244,0.0827750712633133,0.2428377256728709
6.656291685193419,0.3904937207698822,0.26134836468845607
6.669630947087594,0.2676439881324768,0.2649318465963006
6.68297020898177,0.049580104649066925,0.24687873851507902
6.696309470875945,0.04069473594427109,0.24667298588901757
6.70964873277012,0.27368733286857605,0.2537487791851163
6.722987994664295,0.15803980827331543,0.2600138306617737
6.736327256558471,0.0670725628733635,0.2561615619808436
6.749666518452646,0.22363831102848053,0.26081079654395584
6.763005780346821,0.19793954491615295,0.26650515049695966
6.776345042240996,0.02378739044070244,0.23229615595191722
6.789684304135171,0.6587939262390137,0.2588695703074337
6.8030235660293465,0.2879631519317627,0.2541805056855083
6.8163628279235216,0.2316301316022873,0.2492694115266204
6.8297020898176966,0.06167488917708397,0.23996359743177892
6.843041351711872,0.09544255584478378,0.2259499877691269
6.856380613606047,0.07115472108125687,0.22709230668842792
6.8697198755002225,0.20937618613243103,0.22080669440329076
6.8830591373943975,0.48620015382766724,0.2417869307100773
6.8963983992885725,0.18689574301242828,0.20322420150041584
6.9097376611827475,0.22737650573253632,0.21045427322387697
6.9230769230769225,0.18849718570709229,0.20035444647073747
6.936416184971098,0.25909894704818726,0.19992719441652299
6.949755446865273,1.1493350267410278,0.254914940521121
6.963094708759448,0.09637954831123352,0.2576991811394692
6.976433970653623,0.7516261339187622,0.28159612119197847
6.989773232547799,0.08889813721179962,0.27813903763890263
7.003112494441974,0.246642604470253,0.2871175397187471
7.016451756336149,0.30294865369796753,0.29108305685222147
7.029791018230324,0.3758251965045929,0.2999773394316435
7.043130280124499,0.025881513953208923,0.30008204560726887
7.056469542018675,0.31330156326293945,0.28280742745846515
7.06980880391285,0.19459788501262665,0.27813916411250833
7.083148065807025,0.09659063071012497,0.27138718906790016
7.0964873277012,0.09646134078502655,0.2731265116482973
7.109826589595375,0.08913332968950272,0.2728110503405332
7.123165851489551,0.3177195191383362,0.28513929024338724
7.136505113383726,0.03392008692026138,0.2763664852827788
7.149844375277901,0.28987082839012146,0.2665500190109015
7.163183637172076,0.40214622020721436,0.27731254287064083
7.176522899066251,0.05480152741074562,0.2686837939545513
7.189862160960427,0.05622119456529617,0.2620699943974614
7.203201422854602,0.17133015394210815,0.2576815547421575
7.216540684748777,0.12089748680591583,0.20625967774540185
7.229879946642952,0.056451741605997086,0.20426328741014008
7.243219208537127,0.14168357849121094,0.1737661596387625
7.256558470431303,0.1306314915418625,0.17585282735526564
7.269897732325478,0.23146860301494598,0.1750941272825003
7.283236994219653,1.2047239542007446,0.22018289230763916
7.296576256113828,0.0993662029504776,0.2063599426299334
7.309915518008004,0.06908620893955231,0.20852017737925055
7.323254779902179,0.6076828241348267,0.22323924042284488
7.336594041796354,0.201998770236969,0.22360928468406202
7.349933303690529,0.26916182041168213,0.23223784416913987
7.363272565584704,0.30552059412002563,0.2426908068358898
7.37661182747888,0.10010667145252228,0.2432394739240408
7.389951089373055,0.0998874083161354,0.23234786838293078
7.40329035126723,0.19426265358924866,0.24036499671638015
7.416629613161405,0.5453193783760071,0.2531374242156744
7.42996887505558,1.4100936651229858,0.30353479646146303
7.443308136949756,0.6477609872817993,0.3331827694550157
7.456647398843931,0.024104034528136253,0.33157691145315765
7.469986660738106,0.11707182973623276,0.32886399524286386
7.483325922632281,0.09910062700510025,0.3277741522528231
7.496665184526456,0.02416975051164627,0.3261600526981056
7.5100044464206315,0.558811366558075,0.34701644210144883
7.5233437083148065,0.2881196439266205,0.35489084972068674
7.5366829702089815,0.1448243111371994,0.35055863512679947
7.5500222321031565,0.2574419677257538,0.30319453580304984
7.5633614939973315,0.4144117832183838,0.3189468148164451
7.576700755891507,1.3051341772079468,0.3807492132298648
7.590040017785682,0.3824469745159149,0.36948742074891927
7.603379279679857,0.09795011579990387,0.36428498802706605
7.616718541574032,0.826353132724762,0.39214455364272005
7.630057803468208,0.15437227487564087,0.3845871376805008
7.643397065362383,0.134943887591362,0.38632899848744273
7.656736327256558,0.08005492389202118,0.385337374266237
7.670075589150733,0.051346033811569214,0.37819154327735305
7.683414851044908,0.5962904691696167,0.3807400978170336
7.696754112939084,0.3141592741012573,0.3259433782659471
7.710093374833259,0.17855729162693024,0.3024831934832037
7.723432636727434,0.10398497432470322,0.30647724047303204
7.736771898621609,0.3944803476333618,0.32034766636788853
7.750111160515784,0.37826329469680786,0.3343057997524738
7.76345042240996,1.3039708137512207,0.3982958529144525
7.776789684304135,0.14778530597686768,0.37774454988539213
7.79012894619831,0.13082672655582428,0.3698799040168524
7.803468208092485,0.06684543937444687,0.3659809604287147
7.81680746998666,0.2554185092449188,0.365879787504673
7.830146731880836,0.031336743384599686,0.3467260355129838
7.843485993775011,0.16983632743358612,0.2899611430242658
7.856825255669186,0.044265203177928925,0.27305205445736647
7.870164517563361,0.18846192955970764,0.27757764514535666
7.883503779457537,0.5927063226699829,0.26589530464261774
7.896843041351712,0.4732481837272644,0.28183910008519886
7.910182303245887,0.1372719258069992,0.2819555019959807
7.923521565140062,0.45053789019584656,0.300479650311172
7.936860827034237,1.0470014810562134,0.35026242267340424
7.950200088928413,0.27242565155029297,0.33406918179243805
7.963539350822588,0.4417101740837097,0.3404467267915607
7.976878612716763,0.43817049264907837,0.35342738684266806
7.990217874610938,0.19307589530944824,0.3578819328919053
8.003557136505114,0.05993589758872986,0.3411547103896737
8.016896398399288,0.42810341715812683,0.34364671651273965
8.030235660293464,0.2065368890762329,0.28877502027899027
8.04357492218764,0.20729976892471313,0.2917507434263826
8.056914184081814,0.5622485280036926,0.313321833498776
8.07025344597599,0.43320614099502563,0.331639868579805
8.083592707870164,0.4847974181175232,0.3431088140234352
8.09693196976434,0.09706802666187286,0.3463953781872988
8.110271231658515,0.18229790031909943,0.34701845683157445
8.12361049355269,0.11045576632022858,0.35032798498868944
8.136949755446865,0.03582586720585823,0.342696181870997
8.15028901734104,0.11360225081443787,0.31874097827821973
8.163628279235216,0.3337884545326233,0.3117679918184877
8.176967541129391,0.17575585842132568,0.313692188449204
8.190306803023566,0.2790133059024811,0.30511595923453566
8.203646064917741,0.03417579084634781,0.25447467472404245
8.216985326811916,0.07599126547574997,0.24465295542031532
8.230324588706091,0.026510098949074745,0.22389295166358356
8.243663850600267,0.0761231854557991,0.20579058630391955
8.257003112494441,0.03060249611735344,0.19766691634431482
8.270342374388617,0.25459587574005127,0.2073999152518809
8.283681636282791,0.06228621304035187,0.18910905504599212
8.297020898176967,0.0704115703701973,0.18230278911069034
8.310360160071143,0.16167497634887695,0.18002154948189852
8.323699421965317,0.413983553647995,0.17260830076411368
8.337038683859493,0.24896499514579773,0.1633962434716523
8.350377945753667,0.40193113684654236,0.15925292940810323
8.363717207647843,1.182982087135315,0.21354863243177535
8.377056469542019,0.010782078839838505,0.2049728413578123
8.390395731436193,0.030323190614581108,0.20096621257252992
8.403734993330369,0.38201412558555603,0.2182756254915148
8.417074255224543,0.8523711562156677,0.2552140707615763
8.43041351711872,0.3176599144935608,0.2544076437596232
8.443752779012895,0.3793382942676544,0.26458676555193966
8.45709204090707,0.03288298100233078,0.25228024930693216
8.470431302801245,0.06379055976867676,0.25376098775304856
8.48377056469542,0.12458783388137817,0.25619081617332995
8.497109826589595,0.025042718276381493,0.25611744713969525
8.510449088483771,0.08970770239830017,0.25679667298682035
8.523788350377945,0.3659636378288269,0.27356473007239407
8.537127612272121,0.2817547917366028,0.2749226758722216
8.550466874166295,0.3607148230075836,0.2898441063705832
8.563806136060471,0.4909264147281647,0.3108698485884816
8.577145397954647,0.4306536614894867,0.324318782845512
8.590484659848821,0.03596171364188194,0.30541769084520637
8.603823921742997,0.3211590051651001,0.3090273913461715
8.617163183637173,0.5266430377960205,0.3152629863936455
8.630502445531347,0.9404597282409668,0.303136868448928
8.643841707425523,0.15529008209705353,0.3103622686117888
8.657180969319697,0.19151467084884644,0.31842184262350204
8.670520231213873,0.12858529388904572,0.3057504010386765
8.683859493108049,0.1386260688304901,0.2700631466694176
8.697198755002223,0.46148738265037537,0.2772545200772583
8.710538016896399,0.2601514756679535,0.2712951791472733
8.723877278790573,0.024976281449198723,0.2708998441696167
8.737216540684749,0.716430127620697,0.3035318225622177
8.750555802578925,0.016811663284897804,0.2981430140323937
8.763895064473099,0.7530761361122131,0.33454468492418526
8.777234326367275,0.19932015240192413,0.3400253074243665
8.790573588261449,0.26102420687675476,0.3347783358767628
8.803912850155625,0.0210869200527668,0.321744942292571
8.8172521120498,0.5316590070724487,0.3302921514958143
8.830591373943975,0.18703989684581757,0.31509782560169697
8.84393063583815,0.04094480350613594,0.29561238270252943
8.857269897732325,0.14836853742599487,0.30123272389173505
8.8706091596265,0.1098639965057373,0.2906679734587669
8.883948421520676,0.07571078091859818,0.2681213606148958
8.89728768341485,0.8270760774612427,0.2624521780759096
8.910626945309026,0.028685124590992928,0.2561219302006066
8.9239662072032,0.8364308476448059,0.2883677390404046
8.937305469097376,0.034216444939374924,0.28364929659292104
8.950644730991552,0.8298925161361694,0.31821261895820496
8.963983992885726,0.0430523119866848,0.2972908654250204
8.977323254779902,0.13132601976394653,0.29084959262982013
8.990662516674076,0.12547817826271057,0.29587468747049567
9.004001778568252,0.44033509492874146,0.2820699358358979
9.017341040462428,0.4195641875267029,0.30220756204798815
9.030680302356602,0.09114428609609604,0.26911096954718233
9.044019564250778,0.10879160463809967,0.26458454215899113
9.057358826144952,0.3311394155025482,0.26809030259028077
9.070698088039128,0.055058255791664124,0.2697888693772256
9.084037349933304,0.7583655118942261,0.2811241946183145
9.097376611827478,0.5336621999740601,0.2984553097747266
9.110715873721654,0.4132075905799866,0.3170684491284192
9.124055135615828,0.1191646158695221,0.3156082530505956
9.137394397510004,0.774064302444458,0.3488182683475316
9.15073365940418,0.05264412611722946,0.3476649356074632
9.164072921298354,0.03355604410171509,0.3079889339394868
9.17741218319253,0.05393665283918381,0.3092515103518963
9.190751445086704,0.09092933684587479,0.2719764348119497
9.20409070698088,0.5805103778839111,0.2992911314591766
9.217429968875056,0.18338251113891602,0.26696563120931394
9.23076923076923,0.04342491179704666,0.266984261199832
9.244108492663406,0.042194366455078125,0.2625276785343886
9.257447754557582,0.32071295380592346,0.27228941731154926
9.270787016451756,0.8206475973129272,0.2913050424307585
9.284126278345932,0.13539022207260132,0.2770963441580534
9.297465540240106,0.25589612126350403,0.2853339359164238
9.310804802134282,0.3932490348815918,0.2995568074285984
9.324144064028458,0.29205021262168884,0.2976023472845554
9.337483325922632,0.833116352558136,0.3365052521228791
9.350822587816808,0.44631096720695496,0.32090252488851556
9.364161849710982,0.48074501752853394,0.31825666576623923
9.377501111605158,0.027150727808475494,0.2989538226276637
9.390840373499334,0.20204994082450867,0.303098088875413
9.404179635393508,0.17436160147190094,0.27311295382678513
9.417518897287684,0.5173352360725403,0.29634750932455073
9.430858159181858,0.0626344233751297,0.29780142828822137
9.444197421076034,0.044118572026491165,0.29731052424758675
9.45753668297021,0.15250100195407867,0.30038910750299697
9.470875944864384,0.13591131567955017,0.2781591543927789
9.48421520675856,0.19268929958343506,0.2786244938150048
9.497554468652734,0.06491740047931671,0.2796991182491183
9.51089373054691,0.20580682158470154,0.2878797410055995
9.524232992441085,0.15637969970703125,0.2796630783006549
9.53757225433526,0.1212557703256607,0.24469348695129156
9.550911516229435,0.3419971168041229,0.25502383168786763
9.56425077812361,0.06429493427276611,0.24544377233833073
9.577590040017785,0.06565465778112411,0.22906405348330736
9.590929301911961,0.2091478854417801,0.22491893712431194
9.604268563806135,0.5378671288490295,0.21015647593885659
9.617607825700311,0.21207250654697418,0.19844455290585755
9.630947087594485,0.08911873400211334,0.17886323872953655
9.644286349488661,0.42796790599823,0.19890409763902428
9.657625611382837,0.13559703528881073,0.1955814523622394
9.670964873277011,0.13658790290355682,0.19369276743382216
9.684304135171187,0.4010118246078491,0.1878765968605876
9.697643397065361,0.08782556653022766,0.1891361540183425
9.710982658959537,0.8452205061912537,0.22919125072658061
9.724321920853713,0.06886551529169083,0.22500947639346122
9.737661182747887,0.24032185971736908,0.23023000359535217
9.751000444642063,0.0982760637998581,0.22550934180617332
9.764339706536237,0.2640880346298218,0.23546787351369858
9.777678968430413,0.10670348256826401,0.23051270656287673
9.791018230324589,0.10251788794994354,0.22781961597502232
9.804357492218763,0.5284993052482605,0.2481817927211523
9.817696754112939,0.8720899820327759,0.2746864359825849
9.831036016007115,0.1464313417673111,0.2787932563573122
9.844375277901289,0.25304174423217773,0.28816261067986493
9.857714539795465,0.10399371385574341,0.28290490210056307
9.871053801689639,0.027738012373447418,0.257398446276784
9.884393063583815,0.04867088422179222,0.24922836516052485
9.89773232547799,0.18351304531097412,0.2539480807259679
9.911071587372165,0.05103494971990585,0.23510143291205168
9.92441084926634,0.14364755153656006,0.23550395872443913
9.937750111160515,0.06685029715299606,0.2320170784369111
9.95108937305469,0.37466567754745483,0.2306997710838914
9.964428634948867,0.0969540923833847,0.23115619737654922
9.97776789684304,0.056154005229473114,0.1917028723284602
9.991107158737217,0.517988383769989,0.21415901575237511
10.00444642063139,0.25543448328971863,0.2149146469309926
10.017785682525567,0.06441022455692291,0.21322135496884584
10.031124944419743,0.1678619235754013,0.20841004941612484
10.044464206313917,0.05169881880283356,0.20565981622785331
10.057803468208093,0.34920474886894226,0.21799415927380322
10.071142730102267,0.43248245120048523,0.21319331657141447
10.084481991996443,0.22757162153720856,0.1809673985466361
10.097821253890618,0.4334429204463959,0.19531797748059035
10.111160515784793,0.9934911727905273,0.23234044890850786
10.124499777678968,0.1857215315103531,0.2364268397912383
10.137839039573143,0.1347654163837433,0.2417782099917531
10.151178301467318,0.9605473279953003,0.2873720321804285
10.164517563361494,0.1498972326517105,0.2856912415474653
10.177856825255668,0.02823418378829956,0.28455120325088495
10.191196087149844,0.14799544215202332,0.2847685977816582
10.204535349044018,0.3746785521507263,0.30016001053154473
10.217874610938194,0.07405064254999161,0.2851292587816716
10.23121387283237,0.3567241132259369,0.29811775982379923
10.244553134726544,0.3358452618122101,0.312102322652936
10.25789239662072,0.6276833415031433,0.31758707053959373
10.271231658514894,0.28275659680366516,0.318953176215291
10.28457092040907,0.33772584795951843,0.3326189573854208
10.297910182303246,0.08203579485416412,0.32832765094935895
10.31124944419742,0.09981391578912735,0.3307334057986736
10.324588706091596,0.028076868504285812,0.3146770117804408
10.33792796798577,0.31437212228775024,0.3087714953348041
10.351267229879946,0.02347021922469139,0.29856642521917826
10.364606491774122,0.11890767514705658,0.2828396629542112
10.377945753668296,0.1380215436220169,0.2400661814957857
10.391285015562472,0.7591418027877808,0.2687371950596571
10.404624277456648,0.5545389652252197,0.28972587250173093
10.417963539350822,1.3939014673233032,0.31139357946813107
10.431302801244998,0.04550999402999878,0.3061742175370455
10.444642063139172,0.33359143137931824,0.32144207991659646
10.457981325033348,0.2663825452327728,0.3273614350706339
10.471320586927524,0.49686163663864136,0.33347058929502965
10.484659848821698,0.07979859411716461,0.3337579868733883
10.497999110715874,0.18386946618556976,0.32511525452136997
10.511338372610048,0.04076055437326431,0.31036101914942266
10.524677634504224,0.030058346688747406,0.28047976940870284
10.5380168963984,0.11967139691114426,0.2723255094140768
10.551356158292574,0.011018292047083378,0.2559901316184551
10.56469542018675,1.2629878520965576,0.31503773448057476
10.578034682080924,0.14873218536376953,0.31748364795930684
10.5913739439751,0.03507567569613457,0.3178335883188993
10.604713205869276,0.44564369320869446,0.32439716686494646
10.61805246776345,0.3760903775691986,0.34202817478217185
10.631391729657626,0.06594919413328171,0.3393802507314831
10.6447309915518,0.059962596744298935,0.3354773033875971
10.658070253445976,0.2311898171901703,0.3090797041077166
10.671409515340152,0.1488063484430313,0.28879307326860726
10.684748777234326,1.0219411849975586,0.27019505915232006
10.698088039128502,0.041953012347221375,0.2700172100681812
10.711427301022676,0.018300654366612434,0.25425267121754586
10.724766562916852,0.25633418560028076,0.25375025323592126
10.738105824811027,0.5442471504211426,0.25611952892504636
10.751445086705202,0.11267371475696564,0.2577632849570364
10.764784348599377,0.22441214323043823,0.25979041880927983
10.778123610493552,0.0940173789858818,0.2624532600399107
10.791462872387728,1.1120262145996094,0.31655165343545383
10.804802134281903,0.0456002913415432,0.3128480981569738
10.818141396176078,0.03522584214806557,0.3140584756620229
10.831480658070253,0.13175895810127258,0.25749703096225857
10.844819919964428,1.0864297151565552,0.30438190745189786
10.858159181858603,0.21877345442771912,0.31356679638847706
10.87149844375278,0.40046873688697815,0.3113080485723913
10.884837705646953,0.09756796061992645,0.29738192772492766
10.89817696754113,0.33912307024002075,0.3110406215302646
10.911516229435303,0.07434311509132385,0.3117596474476159
10.92485549132948,0.044109102338552475,0.302405611705035
10.938194753223655,0.15802550315856934,0.3028665694408119
10.95153401511783,0.0811128243803978,0.2558251514099539
10.964873277012005,0.03987547755241394,0.2557212746702135
10.97821253890618,0.04428059607744217,0.2570202717557549
10.991551800800355,0.5321593284606934,0.2708115288987756
11.004891062694531,0.12235524505376816,0.24971693363040687
11.018230324588705,0.34632009267807007,0.26139925252646207
11.031569586482881,0.032861340790987015,0.25182171240448953
11.044908848377057,0.19769418239593506,0.2570055525749922
11.058248110271231,0.06024176999926567,0.204416330344975
11.071587372165407,0.04758862033486366,0.20451574679464102
11.084926634059581,0.07357051968574524,0.206432980671525
11.098265895953757,0.10683911293745041,0.20518698841333388
11.111605157847933,0.7654889822006226,0.18913995176553725
11.124944419742107,0.09733512997627258,0.1830680355429649
11.138283681636283,0.2530224025249481,0.17569571882486346
11.151622943530457,0.10981645435094833,0.17630814351141455
11.164962205424633,0.02255292795598507,0.16047963639721277
11.178301467318809,0.2182886153459549,0.1676769114099443
11.191640729212983,0.2747049033641815,0.17920670146122578
11.204979991107159,1.9178037643432617,0.26719561452046037
11.218319253001333,0.024822458624839783,0.2643810962326825
11.231658514895509,1.0534056425094604,0.3150576044805348
11.244997776789685,0.24799844622612,0.3252434969879687
11.258337038683859,0.12548524141311646,0.30490979263558987
11.271676300578035,0.013981923460960388,0.2994911265559495
11.285015562472209,0.553955078125,0.309872875828296
11.298354824366385,0.0795816108584404,0.3122088893316687
11.31169408626056,0.23261208832263947,0.31395478462800386
11.325033348154735,0.2954958975315094,0.32571749100461606
11.33837261004891,1.1374479532241821,0.3802104576490819
11.351711871943085,0.45134472846984863,0.3990991680882871
11.36505113383726,0.11029141396284103,0.39927178313955664
11.378390395731437,0.3440740704536438,0.37820103755220774
11.39172965762561,0.21618393063545227,0.3841434775851667
11.405068919519787,0.25154298543930054,0.38406950673088425
11.41840818141396,0.18341295421123505,0.38774933172389864
11.431747443308137,0.3847702145576477,0.4058601960539818
11.445086705202312,0.04888151213526726,0.3973898408934474
11.458425967096487,0.21396169066429138,0.39435268025845294
11.471765228990662,0.22929099202156067,0.30992704164236784
11.485104490884837,1.195747971534729,0.36847331728786226
11.498443752779012,0.230296328663826,0.3273178515955806
11.511783014673188,0.22749173641204834,0.3262925161048771
11.525122276567362,0.06555160880088806,0.32329583447426563
11.538461538461538,0.5596189498901367,0.3505776857957244
11.551800800355712,0.149391770362854,0.33034952040761717
11.565140062249888,0.3284017741680145,0.34279052857309583
11.578479324144064,0.09481880813837051,0.3359008645638824
11.591818586038238,0.0223837997764349,0.32224525967612866
11.605157847932414,0.3423815965652466,0.2824919418431819
11.61849710982659,0.21630416810512543,0.27073991382494567
11.631836371720764,0.23940017819404602,0.27719535203650597
11.64517563361494,0.0708770602941513,0.26353550152853134
11.658514895509114,0.048199884593486786,0.25513629922643305
11.67185415740329,0.02727588452398777,0.2439229441806674
11.685193419297466,0.17357061803340912,0.2434308273717761
11.69853268119164,0.4324767291545868,0.24581615310162308
11.711871943085816,0.0357150174677372,0.24515782836824657
11.72521120497999,0.051540911197662354,0.2370367893949151
11.738550466874166,0.05887327343225479,0.22851590346544984
11.751889728768342,0.2991662919521332,0.18368681948632004
11.765228990662516,0.31930869817733765,0.18813743796199559
11.778568252556692,0.008925308473408222,0.17720911656506358
11.791907514450866,0.13683484494686127,0.18077327837236226
11.805246776345042,0.17496325075626373,0.1615404934156686
11.818586038239218,0.6491637229919434,0.1865290910471231
11.831925300133392,0.8597955107688904,0.21309877787716688
11.845264562027568,0.2982078492641449,0.2232682299334556
11.858603823921742,0.2433394342660904,0.2343160116579384
11.871943085815918,0.04731449484825134,0.2195626565720886
11.885282347710094,0.9626465439796448,0.2568797753658146
11.898621609604268,0.1130368560552597,0.2505616092588753
11.911960871498444,0.06390156596899033,0.2502128345426172
11.925300133392618,0.14807185530662537,0.2552064330782741
11.938639395286794,0.5126166343688965,0.2794734705705196
11.95197865718097,0.06190872937440872,0.27389037613756956
11.965317919075144,0.10485222190618515,0.2575091507751495
11.97865718096932,0.05469732731580734,0.25845826626755297
11.991996442863494,0.14756202697753906,0.2632593220565468
12.00533570475767,0.06248750910162926,0.2634400338400155
12.018674966651846,0.11451251804828644,0.25420734514482324
12.03201422854602,0.022803431376814842,0.23938208180479706
12.045353490440196,0.4142753779888153,0.25964958528056736
12.05869275233437,0.12488262355327606,0.25905197421088816
12.072032014228546,0.36934447288513184,0.26877103531733154
12.085371276122721,0.07558897882699966,0.2400922981090844
12.098710538016896,0.15060515701770782,0.20463278042152527
12.112049799911071,0.8003408908843994,0.22973943250253798
12.125389061805246,0.3719877004623413,0.23617184581235054
12.138728323699421,0.12646856904029846,0.2401295495219529
12.152067585593597,0.3497782349586487,0.20948613407090305
12.165406847487771,0.20854853093624115,0.21426171781495212
12.178746109381947,0.05421953648328781,0.21377761634066703
12.192085371276123,0.025936702266335487,0.2076708586886525
12.205424633170297,0.2091306895017624,0.1924965614452958
12.218763895064473,0.3753288984298706,0.2081675698980689
12.232103156958647,0.4252273142337799,0.22418632451444867
12.245442418852823,0.08714420348405838,0.22580866832286123
12.258781680747,0.20822235941886902,0.22884168494492774
12.272120942641173,0.2938087582588196,0.24040774740278723
12.28546020453535,0.11571146547794342,0.24046769477427007
12.298799466429523,0.1645204871892929,0.247553547564894
12.3121387283237,0.011844332329928875,0.22743199528194966
12.325477990217875,0.055382464081048965,0.22395698730833832
12.33881725211205,0.09494681656360626,0.21023710449226204
12.352156514006225,0.12025272846221924,0.212470291974023
12.3654957759004,0.14035390317440033,0.21195772928185763
12.378835037794575,0.5002681016921997,0.19695408982224766
12.392174299688751,0.8548660278320312,0.22109800619073214
12.405513561582925,0.25983554124832153,0.22776635480113333
12.418852823477101,0.30828866362571716,0.22569187623448675
12.432192085371275,0.8106083273887634,0.2557948660571128
12.445531347265451,0.6468832492828369,0.2854280516970903
12.458870609159627,1.0359593629837036,0.3359291847329587
12.472209871053801,0.7281551361083984,0.3618804070632905
12.485549132947977,0.5587913393974304,0.3710535291116685
12.498888394842151,0.05969863757491112,0.35277709527872503
12.512227656736327,0.9786090850830078,0.3973503393586725
12.525566918630503,0.3150096833705902,0.4026897055562586
12.538906180524677,0.5505309700965881,0.415525816148147
12.552245442418853,0.07883565127849579,0.41368202543817456
12.565584704313027,1.4241470098495483,0.47666335157118744
12.578923966207203,0.1774297058582306,0.48494262024760243
12.592263228101379,0.3379417061805725,0.4990705823525786
12.605602489995553,0.12800860404968262,0.5007236717268825
12.618941751889729,0.07743723690509796,0.4985828971490265
12.632281013783903,0.5258920788764954,0.5178598059341313
12.645620275678079,0.01951546035706997,0.49382217386737476
12.658959537572255,0.10759163647890091,0.4564584542997182
12.672298799466429,0.17875242233276367,0.4524042983539403
12.685638061360605,0.3625783324241638,0.4551187817938626
12.698977323254779,0.8114805817604065,0.4551623945124448
12.712316585148955,0.7894478440284729,0.46229062424972656
12.72565584704313,0.5489232540130615,0.4379388188011945
12.738995108937305,0.18432533740997314,0.4107473288662732
12.75233437083148,0.27201414108276367,0.3964084689505398
12.765673632725655,0.16251057386398315,0.4015490657649935
12.77901289461983,0.41938138008117676,0.3735876805149019
12.792352156514006,0.08836139738559723,0.3622552662156522
12.80569141840818,0.23508833348751068,0.34648313438519834
12.819030680302356,0.24051763117313385,0.35456723337993024
12.832369942196532,0.3573313355445862,0.30122644966468215
12.845709204090706,0.2218523621559143,0.3034475824795664
12.859048465984882,0.056853361427783966,0.28939316524192693
12.872387727879056,0.33482521772384644,0.2997339959256351
12.885726989773232,0.30605652928352356,0.3111649605445564
12.899066251667408,0.056749697774648666,0.28770784148946404
12.912405513561582,0.07367535680532455,0.29041583631187684
12.925744775455758,0.04375350475311279,0.2872239297255874
12.939084037349932,0.3569697439670563,0.29613479580730195
12.952423299244108,0.31765612959861755,0.2938886856660247
12.965762561138284,0.08747535943984985,0.2576884245499969
12.979101823032458,0.0736175924539566,0.221896911971271
12.992441084926634,0.19111984968185425,0.2040067417547107
13.005780346820808,0.5974676012992859,0.22466385494917632
13.019119608714984,0.014720659703016281,0.21179918088018895
13.03245887060916,0.04092894494533539,0.20572009943425656
13.045798132503334,1.1160252094268799,0.24055229090154173
13.05913739439751,0.010319282300770283,0.2366501851473004
13.072476656291684,0.10142244398593903,0.22996689067222176
13.08581591818586,0.5204623937606812,0.24396412880159912
13.099155180080036,0.03960767388343811,0.22807794571854176
13.11249444197421,0.23301072418689728,0.2286358638200909
13.125833703868386,0.06887989491224289,0.22923719049431385
13.13917296576256,0.12022198736667633,0.21850702897645535
13.152512227656736,0.32767507433891296,0.2195879562292248
13.165851489550912,0.6078047752380371,0.24714071010239425
13.179190751445086,0.1297127604484558,0.2499425802845508
13.192530013339262,0.7592943906784058,0.28571962458081546
13.205869275233436,0.20439362525939941,0.2780908186454326
13.219208537127612,0.046220358461141586,0.2645190300885588
13.232547799021788,0.08375071734189987,0.26433279798366127
13.245887060915962,0.4609115719795227,0.2836974969599396
13.259226322810138,0.23455631732940674,0.2858693203423172
13.272565584704312,0.083355613052845,0.2601637209299951
13.285904846598488,0.06220090389251709,0.2625377331394702
13.299244108492664,0.09078539907932281,0.2650305558461696
13.312583370386838,0.24997346103191376,0.2217279684264213
13.325922632281014,0.2459205687046051,0.23350803274661303
13.339261894175188,0.25605615973472595,0.24123971853405238
13.352601156069364,0.021425237879157066,0.21628786073997616
13.36594041796354,0.297093003988266,0.22916212724521753
13.379279679857714,0.6929833889007568,0.2521607604809105
13.39261894175189,0.044571403414011,0.25094533590599893
13.405958203646065,0.09648837149143219,0.24975865511223674
13.41929746554024,0.19498886168003082,0.24312434447929265
13.432636727434415,0.02806084230542183,0.21413714783266188
13.44597598932859,0.014687533490359783,0.2083858864847571
13.459315251222765,0.10113747417926788,0.17547804065980016
13.472654513116941,0.3914758861064911,0.18483215370215475
13.485993775011115,0.7876704335212708,0.22190465745516122
13.499333036905291,0.7873567342758179,0.2570849583018571
13.512672298799465,0.17890292406082153,0.24298452590592207
13.526011560693641,0.03392180800437927,0.2329528004396707
13.539350822587817,0.8999031186103821,0.27378017571754754
13.552690084481991,0.04287546128034592,0.27281390358693897
13.566029346376167,0.13132143020629883,0.2748407051432878
13.579368608270341,0.4349024295806885,0.28408715357072656
13.592707870164517,0.1374572366476059,0.2786639869678766
13.606047132058693,0.3336259722709656,0.28254247759468853
13.619386393952867,0.39133891463279724,0.30103816143237055
13.632725655847043,0.11183848977088928,0.2917754357215017
13.646064917741217,0.2241632640361786,0.26833442947827285
13.659404179635393,0.05828600376844406,0.2690201594959945
13.672743441529569,0.20418111979961395,0.27440479691140357
13.686082703423743,0.2060026079416275,0.2749554842244834
13.699421965317919,1.1115021705627441,0.32912755063734955
13.712761227212093,0.05977286025881767,0.3313818169757724
13.726100489106269,0.2604549527168274,0.33934769090265043
13.739439751000445,0.010445821098983288,0.320296187652275
13.752779012894619,0.6606678366661072,0.31394605780951684
13.766118274788795,0.0646851658821106,0.27781247938983145
13.779457536682969,1.145399570465088,0.32613731171004473
13.792796798577145,0.0946803092956543,0.3291752367746084
13.80613606047132,0.05374561622738838,0.28686736165545884
13.819475322365495,0.19992299377918243,0.29471973828040066
13.83281458425967,0.037103138864040375,0.29000882371328773
13.846153846153845,0.059198860079050064,0.27122364523820586
13.85949310804802,0.0655040517449379,0.26762598599307247
13.872832369942197,0.29921120405197144,0.2659052475821227
13.88617163183637,2.236243724822998,0.35815048809163275
13.899510893730547,0.3036554753780365,0.36774133737199005
13.91285015562472,0.5157955884933472,0.3823229535948485
13.926189417518897,0.3303002119064331,0.39592366400174805
13.939528679413073,0.6302193403244019,0.41722557502798735
13.952867941307247,0.0927019789814949,0.4115605435799808
13.966207203201423,0.11333043873310089,0.36165195698849867
13.979546465095599,0.5473753809928894,0.38603208302520226
13.992885726989773,0.3239445686340332,0.38920656382106256
14.006224988883949,0.08086561411619186,0.39272755347192295
14.019564250778123,0.12362084537744522,0.36587520390748984
14.032903512672299,0.017819859087467194,0.3635319385677577
14.046242774566474,0.2612704038619995,0.31932548023760327
14.059582036460649,0.135694220662117,0.32137617580592637
14.072921298354824,0.20097041130065918,0.32873741555958985
14.086260560248999,0.031564317643642426,0.3203194817528129
14.099599822143174,0.12565496563911438,0.32474707309156664
14.11293908403735,0.03248419240117073,0.32341133970767266
14.126278345931524,0.36506137251853943,0.33838920574635273
14.1396176078257,0.5250576734542847,0.3496815292164684
14.152956869719874,0.2697083353996277,0.2513547597452998
14.16629613161405,0.6995009183883667,0.27114703189581635
14.179635393508226,0.22139930725097656,0.25642721783369776
14.1929746554024,0.03457505255937576,0.24164095986634496
14.206313917296576,0.541907787322998,0.23722538221627476
14.21965317919075,0.28253117203712463,0.24671684186905626
14.232992441084926,0.1874442845582962,0.250422534160316
14.246331702979102,0.12558040022850037,0.2293327851220966
14.259670964873276,0.14653484523296356,0.22046229895204308
14.273010226767452,0.017091955989599228,0.21727361604571346
14.286349488661626,0.21083998680114746,0.22163457311689855
14.299688750555802,0.10924261063337326,0.22620571069419385
14.313028012449978,1.2187542915344238,0.2740799050778151
14.326367274344152,1.3916035890579224,0.3368753734976053
14.339706536238328,0.49074459075927734,0.35136408247053624
14.353045798132502,0.1845814734697342,0.35901494026184083
14.366385060026678,1.0295530557632446,0.4042098447680474
14.379724321920854,0.2182929664850235,0.41350028347223994
14.393063583815028,0.15204989910125732,0.40284970980137585
14.406402845709204,0.13620030879974365,0.3834068415686488
14.419742107603378,0.12694433331489563,0.3762686414644122
14.433081369497554,0.1951535940170288,0.35105127524584534
14.44642063139173,0.17031757533550262,0.3484971886500716
14.459759893285904,0.06277000904083252,0.34990693647414445
14.47309915518008,0.5738593339920044,0.3515045138075948
14.486438417074254,0.016138337552547455,0.3381848720833659
14.49977767896843,0.15069766342639923,0.336347541026771
14.513116940862606,0.2047521024942398,0.34030612614005806
14.52645620275678,0.9443292021751404,0.3801958439871669
14.539795464650956,0.8410645127296448,0.42139447182416917
14.553134726545132,0.15101563930511475,0.41840325444936755
14.566473988439306,0.9654359221458435,0.46121292002499104
14.579813250333482,0.31222447752952576,0.41588642932474607
14.593152512227656,0.07120740413665771,0.34986662007868286
14.606491774121832,0.1221509799361229,0.3314369395375251
14.619831036016008,0.18734940886497498,0.33157533630728725
14.633170297910182,0.03264978528022766,0.2817301727831364
14.646509559804358,0.018976634368300438,0.27176435617730027
14.659848821698532,0.1394559144973755,0.27113465694710615
14.673188083592708,0.035594891756772995,0.26610438609495757
14.686527345486883,0.051312804222106934,0.2623228096403181
14.699866607381058,0.055618882179260254,0.25534607404842974
14.713205869275233,0.020993055775761604,0.24787984807044264
14.726545131169408,0.5743963122367859,0.27346116323024033
14.739884393063583,0.3338387906551361,0.26146013606339696
14.75322365495776,0.023111572489142418,0.26180879781022676
14.766562916851933,0.3709501028060913,0.2728214197792113
14.77990217874611,0.16713950037956238,0.27094078967347746
14.793241440640283,0.19014224410057068,0.23323144176974892
14.80658070253446,0.1084437146782875,0.19660040186718106
14.819919964428635,0.39157289266586304,0.20862826453521846
14.83325922632281,1.3679786920547485,0.22875540303066372
14.846598488216985,0.3324650526046753,0.2297674317844212
14.85993775011116,0.1348845362663269,0.23295128839090468
14.873277012005335,0.10615614801645279,0.23215154679492117
14.886616273899511,0.35947123169898987,0.24075763793662192
14.899955535793685,0.08518049865961075,0.2433841736055911
14.913294797687861,0.029029659926891327,0.24388682488352062
14.926634059582035,0.07759547233581543,0.2407938027754426
14.939973321476211,0.0770137831568718,0.24286474734544752
14.953312583370387,0.3204607665538788,0.25632214546203613
14.966651845264561,0.14235667884349823,0.26065903529524803
14.979991107158737,0.06109965965151787,0.2626643654890358
14.993330369052911,0.054638635367155075,0.23667648164555433
15.006669630947087,1.5212839841842651,0.29604874132201076
15.020008892841263,0.2207239270210266,0.30592935904860497
15.033348154735437,0.35043707489967346,0.30490370765328406
15.046687416629613,0.5260747671127319,0.3228504709899426
15.060026678523787,0.291686475276947,0.32792768254876137
15.073365940417963,0.1467585414648056,0.32984342388808724
15.086705202312139,0.16198483109474182,0.31836402080953113
15.100044464206313,0.5246695280075073,0.2761985626071692
15.113383726100489,0.8163137435913086,0.30039099715650075
15.126722987994663,0.6041024327278137,0.3238518919795751
15.140062249888839,0.05880964547395706,0.32148456685245036
15.153401511783015,0.5091505646705627,0.32896853350102906
15.166740773677189,1.034935474395752,0.37645628228783606
15.180080035571365,0.22056357562541962,0.3860329780727625
15.19341929746554,0.02594721131026745,0.3834505650214851
15.206758559359715,0.4339407682418823,0.40129691427573566
15.22009782125389,0.13141359388828278,0.3918445556424559
15.233437083148065,0.1889144629240036,0.3941724448464811
15.24677634504224,0.15590132772922516,0.3989125282503665
15.260115606936417,0.03243287652730942,0.3978022403083742
15.27345486883059,0.10034435987472534,0.3267552590928972
15.286794130724767,0.1200537383556366,0.32172174965962774
15.30013339261894,0.055123768746852875,0.3069560843519867
15.313472654513117,0.04578462615609169,0.28294157730415465
15.326811916407292,0.19135111570358276,0.27792480932548647
15.340151178301467,0.045094240456819534,0.27284159427508714
15.353490440195642,0.07645393908023834,0.268565049674362
15.366829702089817,0.05644485354423523,0.24515381595119834
15.380168963983992,0.03536967560648918,0.2061066125519574
15.393508225878168,0.5580855011940002,0.20380576597526673
15.406847487772342,0.4403251111507416,0.22288153925910595
15.420186749666518,0.40304040908813477,0.21757603147998456
15.433526011560692,0.9943879842758179,0.2155486569739878
15.446865273454868,0.030583783984184265,0.20604966739192604
15.460204535349044,0.08730702847242355,0.2091176582500339
15.473543797243218,0.5310627222061157,0.21397375594824558
15.486883059137394,0.21727018058300018,0.21826658528298143
15.500222321031568,0.08516994118690491,0.2130793591961265
15.513561582925744,0.5081700086593628,0.23069279324263336
15.52690084481992,0.04177229851484299,0.23115976434201002
15.540240106714094,0.3887977600097656,0.24558243434876206
15.55357936860827,0.1307070553302765,0.24611510019749405
15.566918630502444,0.11765026301145554,0.24924142491072418
15.58025789239662,0.04004421830177307,0.24895440451800827
15.593597154290796,0.3937416076660156,0.2590739291161299
15.60693641618497,0.47580355405807495,0.2806093947961927
15.620275678079146,0.02938765659928322,0.2782560806721449
15.63361493997332,0.1619596779346466,0.2835318218916655
15.646954201867496,0.030350282788276672,0.28328085225075483
15.660293463761672,0.2550906240940094,0.2681311083957553
15.673632725655846,0.6681817173957825,0.27952393870800735
15.686971987550022,0.1143478974699974,0.2650893131271005
15.700311249444196,0.8982570171356201,0.2602827647700906
15.713650511338372,1.2261677980422974,0.32006196547299626
15.726989773232548,0.6031451225280762,0.3458538701757789
15.740329035126722,0.029121482744812965,0.32075680820271374
15.753668297020898,0.24466826021671295,0.3221267121843993
15.767007558915074,0.07266027480363846,0.321501228865236
15.780346820809248,0.07370321452617645,0.2997778891585767
15.793686082703424,0.06843876838684082,0.3011112126521766
15.807025344597598,1.1114966869354248,0.33724615899845956
15.820364606491774,0.13441070914268494,0.33743134168908
15.83370386838595,0.8935021162033081,0.37622393434867263
15.847043130280124,0.11232514679431915,0.3798379807733
15.8603823921743,0.6007228493690491,0.3901870428584516
15.873721654068474,0.44529271125793457,0.3886615007184446
15.88706091596265,0.04594020918011665,0.3894891283474862
15.900400177856826,0.16235865652561188,0.3895090772770345
15.913739439751,0.4425257742404938,0.4101178518496454
15.927078701645176,0.6498516798019409,0.429855904635042
15.94041796353935,0.02002144791185856,0.3974478911608458
15.953757225433526,0.13084356486797333,0.39827267453074455
15.967096487327701,0.5153819918632507,0.37912892326712605
15.980435749221876,0.6322228908538818,0.3494316779077053
15.993775011116051,0.09947678446769714,0.32424826100468634
16.007114273010227,0.406562864780426,0.34312033010646703
16.0204535349044,0.047371044754981995,0.3332554693333805
16.033792796798576,0.31457436084747314,0.34535117363557216
16.047132058692753,0.021216638386249542,0.34272684482857585
16.060471320586927,0.157156303524971,0.3471627215854824
16.0738105824811,0.06346572935581207,0.29476117370650173
16.08714984437528,0.16225630044937134,0.29615345327183606
16.100489106269453,0.039354827255010605,0.2534460888244212
16.113828368163627,0.07139609754085541,0.251399636361748
16.1271676300578,0.7568514347076416,0.25920606562867765
16.14050689195198,0.10261643677949905,0.24207225190475584
16.153846153846153,0.011363459751009941,0.2403434144333005
16.167185415740327,0.7677568197250366,0.27061332259327175
16.180524677634505,0.2701635956764221,0.26199521366506817
16.19386393952868,0.04758963733911514,0.23188211154192687
16.207203201422853,0.4575796127319336,0.2537600197829306
16.22054246331703,0.10650906711816788,0.25254329489544036
16.233881725211205,0.09765583276748657,0.23165698694065212
16.24722098710538,0.28234267234802246,0.21416297601535916
16.260560248999553,0.06661080569028854,0.21251967707648872
16.27389951089373,0.010227714665234089,0.19270291957072916
16.287238772787905,0.048222921788692474,0.1927455134224147
16.30057803468208,0.7234821319580078,0.21319090197794144
16.313917296576257,0.01920841448009014,0.21309049078263345
16.32725655847043,0.07410112023353577,0.20893773161806167
16.340595820364605,0.22253496944904327,0.21689119362272324
16.353935082258783,0.3173610270023346,0.2246464299503714
16.367274344152957,0.5789538621902466,0.2516263816971332
16.38061360604713,0.23332656919956207,0.25972290528006853
16.393952867941305,0.08611956238746643,0.2261863116640598
16.407292129835483,0.13375283777713776,0.22774313171394175
16.420631391729657,0.2372807413339615,0.23903899579308932
16.43397065362383,0.058017708361148834,0.20355204022489493
16.44730991551801,0.028802143409848213,0.19148396761156622
16.460649177412183,0.2215316891670227,0.2001810702029616
16.473988439306357,0.031036660075187683,0.17885392257012428
16.487327701200535,0.3998253643512726,0.19351973743177953
16.50066696309471,0.5822226405143738,0.2177480778191239
16.514006224988883,0.29442524909973145,0.21835220665670935
16.527345486883057,0.31125637888908386,0.23058448531664907
16.540684748777235,0.21599489450454712,0.24087284430861472
16.55402401067141,0.10023463517427444,0.2434734299778938
16.567363272565583,0.24378134310245514,0.2194883905351162
16.58070253445976,0.015937525779008865,0.21932484610006214
16.594041796353935,0.7664434313774109,0.2539419616572559
16.60738105824811,0.5024813413619995,0.26793928025290376
16.620720320142286,0.27529704570770264,0.26583608118817215
16.63405958203646,0.11493796110153198,0.2426352861337364
16.647398843930635,0.35276657342910767,0.24860728634521365
16.660738105824812,0.8249776363372803,0.2855501900427043
16.674077367718986,0.19661273062229156,0.2886931846849621
16.68741662961316,0.6048058867454529,0.30706944195553665
16.700755891507335,0.2708714008331299,0.3177121265791357
16.714095153401512,0.7504256367683411,0.3537933012470604
16.727434415295686,0.08067180216312408,0.3467503068968654
16.74077367718986,0.3134988248348236,0.3608734151348472
16.754112939084038,1.0737053155899048,0.3945674126967788
16.767452200978212,0.627287745475769,0.3968206679448485
16.780791462872386,0.04777461662888527,0.3844881363213062
16.794130724766564,0.15080098807811737,0.37646536678075787
16.807469986660738,0.36098018288612366,0.3837146311998367
16.820809248554912,0.6308807134628296,0.41024693511426447
16.834148510449086,0.3020416498184204,0.41315995045006276
16.847487772343264,0.0648878812789917,0.41560746822506195
16.86082703423744,0.4438057839870453,0.39947558585554366
16.874166296131612,0.2414088398218155,0.38642196077853447
16.88750555802579,0.08530265092849731,0.37692224103957417
16.900844819919964,0.3974899351596832,0.3910498397424817
16.91418408181414,0.19342532753944397,0.38308277744799846
16.927523343708316,0.05388554185628891,0.344528172723949
16.94086260560249,0.16839495301246643,0.3431172838434577
16.954201867496664,1.0511860847473145,0.36543629374355074
16.96754112939084,0.1277492344379425,0.3582801854237914
16.980880391285016,0.26359206438064575,0.3339385068044066
16.99421965317919,0.04679064080119133,0.3322444487363099
17.007558915073364,1.050158143043518,0.3690774146467447
17.020898176967542,0.2682425081729889,0.3288042742758989
17.034237438861716,0.17202746868133545,0.3060412604361773
17.04757670075589,0.10199175775051117,0.30875211749225856
17.060915962650068,0.10387786477804184,0.3064059613272548
17.074255224544242,0.23431526124477386,0.3000727152451873
17.087594486438416,0.08805501461029053,0.27293143030256034
17.10093374833259,0.26520979404449463,0.27108983751386406
17.114273010226768,0.31586888432502747,0.28363888766616585
17.127612272120942,0.9370613098144531,0.3083016639575362
17.140951534015116,0.04047311469912529,0.29825487770140174
17.154290795909294,0.16057704389095306,0.30201859734952446
17.167630057803468,1.163629412651062,0.34032557122409346
17.180969319697642,0.1807321310043335,0.33969091139733787
17.19430858159182,0.5107345581054688,0.36253336220979687
17.207647843485994,0.29548266530036926,0.3688877478241921
17.220987105380168,0.2541622221469879,0.3290365546941757
17.234326367274345,0.024607030674815178,0.32387944450601935
17.24766562916852,0.03073471412062645,0.3122365769930183
17.261004891062694,0.3028371036052704,0.3250389001332223
17.274344152956868,0.05892866477370262,0.27547742621973154
17.287683414851045,0.8530054092407227,0.30471557127311827
17.30102267674522,0.08301158994436264,0.30026477733626966
17.314361938639394,0.5348514318466187,0.32190776104107505
17.32770120053357,0.04602670297026634,0.31901520295068625
17.341040462427745,0.11231299489736557,0.3129150896333159
17.35437972432192,0.08220472186803818,0.3126225749962032
17.367718986216097,0.7853896617889404,0.33863156838342545
17.38105824811027,0.22425523400306702,0.3340508858673274
17.394397510004445,0.44419559836387634,0.30940760029479863
17.40773677189862,0.016086680814623833,0.3081882786005736
17.421076033792797,0.043031953275203705,0.3023110240697861
17.43441529568697,0.20349593460559845,0.2543043501675129
17.447754557581145,0.2988872528076172,0.2602121062576771
17.461093819475323,0.142845019698143,0.24181762933731082
17.474433081369497,0.08329443633556366,0.2312082178890705
17.48777234326367,0.35013583302497864,0.23600689843297004
17.50111160515785,0.208329975605011,0.24519304567947986
17.514450867052023,0.467230886220932,0.26701785428449515
17.527790128946197,0.0613202229142189,0.25494201024994256
17.54112939084037,0.15858185291290283,0.2599246696569026
17.55446865273455,0.18890061974525452,0.2267194301821292
17.567807914628723,0.030719805508852005,0.22410484096035366
17.581147176522897,0.16464249789714813,0.20559439426288015
17.594486438417075,0.2889939844608307,0.21774275833740833
17.60782570031125,0.01664208620786667,0.21295921290293338
17.621164962205423,0.3333680033683777,0.22551737697795038
17.6345042240996,0.14828087389469147,0.1936619375832379
17.647843485993775,0.3168611228466034,0.1982922320254147
17.66118274788795,0.14797379076480865,0.18348114164546137
17.674522009782123,0.05526917800307274,0.18544026650488382
17.6878612716763,1.2510885000228882,0.24584309384226802
17.701200533570475,0.17752450704574585,0.24454452246427538
17.71453979546465,0.17829671502113342,0.2385149955749512
17.727879057358827,0.2876729667186737,0.24575639292597776
17.741218319253,0.09957615286111832,0.2465704787522555
17.754557581147175,0.04843723028898239,0.23148554861545567
17.767896843041353,0.014335975982248783,0.22178584863431752
17.781236104935527,0.2522040605545044,0.21103450735099616
17.7945753668297,0.03927256166934967,0.2099321242887527
17.807914628723875,0.1579621136188507,0.20990113732405008
17.821253890618053,0.17469604313373566,0.20919090849347416
17.834593152512227,0.1590985357761383,0.21560984500683844
17.8479324144064,0.5109981298446655,0.23292762660421434
17.86127167630058,0.03062940388917923,0.22000939757563173
17.874610938194753,0.08723731338977814,0.2235391589347273
17.887950200088927,0.4461821913719177,0.22917986833490434
17.901289461983104,0.13943278789520264,0.2287374640349299
17.91462872387728,0.07107110321521759,0.21644796305336061
17.927967985771453,0.18995743989944458,0.2185471455100924
17.94130724766563,0.12339317053556442,0.221953345136717
17.954646509559804,0.16434189677238464,0.16761601497419182
17.96798577145398,0.2587524354457855,0.1716774113941938
17.981325033348153,0.3544488549232483,0.1804850183892995
17.99466429524233,0.3627900779247284,0.18424087394960226
18.008003557136504,0.777630090713501,0.21814357084222136
18.02134281903068,0.029159924015402794,0.2171797055285424
18.034682080924856,0.44691306352615356,0.23880855990573763
18.04802134281903,0.2889588475227356,0.2406462992541492
18.061360604713204,0.06825167685747147,0.2420952550135553
18.074699866607382,0.02604483813047409,0.23549939123913646
18.088039128501556,0.28603947162628174,0.24106656266376375
18.10137839039573,0.09596274793148041,0.23790977327153087
18.114717652289904,0.11287473142147064,0.21800360335037114
18.128056914184082,0.042933039367198944,0.21861878512427213
18.141396176078256,0.36413389444351196,0.23246361417695882
18.15473543797243,0.2699991762638092,0.22365446342155337
18.168074699866608,0.030338814482092857,0.2181997647508979
18.181413961760782,0.06066180393099785,0.21767929978668693
18.194753223654956,0.8583428263664246,0.2510985691100359
18.208092485549134,0.29546064138412476,0.25970194265246394
18.221431747443308,0.162633016705513,0.25961649864912034
18.234771009337482,0.07067123800516129,0.2502124387770891
18.248110271231656,0.40751156210899353,0.2528655741363764
18.261449533125834,0.9217342138290405,0.280812780931592
18.274788795020008,0.0792061984539032,0.2458915863186121
18.288128056914182,0.2329765260219574,0.25608241641893986
18.30146731880836,0.32192179560661316,0.24983285302296285
18.314806580702534,0.15713553130626678,0.2432416872121394
18.328145842596708,1.2777384519577026,0.3037160259671509
18.341485104490886,0.014044540002942085,0.30311601106077435
18.35482436638506,0.08250820636749268,0.2929394477978349
18.368163628279234,0.06955492496490479,0.29161905664950616
18.381502890173408,0.339176207780838,0.3029341304674745
18.394842152067586,0.635956346988678,0.33258529584854846
18.40818141396176,0.034370943903923035,0.316097148321569
18.421520675855934,0.18475289642810822,0.3118348343297839
18.43485993775011,0.10430168360471725,0.31553297778591516
18.448199199644286,0.4592866897583008,0.33546422207728027
18.46153846153846,0.10825904458761215,0.2979600329883397
18.474877723432638,0.042991384863853455,0.28533657016232605
18.48821698532681,0.15905722975730896,0.2851577808149159
18.501556247220986,0.2322143316268921,0.2932349354960024
18.514895509115163,0.13242900371551514,0.2794808075763285
18.528234771009338,0.18190616369247437,0.24248940506950023
18.54157403290351,0.040805473923683167,0.24056936884298918
18.554913294797686,0.11075427383184433,0.23445825623348354
18.568252556691863,0.16808058321475983,0.2267661956138909
18.581591818586038,0.07965296506881714,0.2228920673020184
18.59493108048021,0.04004141315817833,0.16100721536204218
18.60827034237439,0.0333746112883091,0.16197371892631054
18.621609604268563,0.429508775472641,0.17932374738156798
18.634948866162738,0.07375826686620712,0.1795339144766331
18.648288128056915,0.32169783115386963,0.1786599956452847
18.66162738995109,0.02773153781890869,0.1482487551867962
18.674966651845263,0.0673944503068924,0.14989993050694467
18.688305913739438,0.037288036197423935,0.14252668749541042
18.701645175633615,0.2911853790283203,0.15187087226659057
18.71498443752779,0.10689501464366913,0.13425128851085902
18.728323699421964,1.0161768198013306,0.17964717727154494
18.74166296131614,0.0288318432867527,0.1789392001926899
18.755002223210315,0.47185441851615906,0.19457905963063243
18.76834148510449,0.10766352713108063,0.18835151940584186
18.781680746998667,0.03279397264122963,0.18336976785212758
18.79502000889284,0.1870587021112442,0.18362739477306605
18.808359270787015,0.07435294985771179,0.18530476856976746
18.82169853268119,0.3250836730003357,0.19602123852819203
18.835037794575367,0.9056643843650818,0.23290042858570814
18.84837705646954,0.3644777238368988,0.24714166652411224
18.861716318363715,0.022051291540265083,0.2462421604432166
18.875055580257893,0.07533391565084457,0.24834012566134336
18.888394842152067,0.4933452606201172,0.2515319499187172
18.90173410404624,0.6609148979187012,0.28088978147134186
18.91507336594042,0.13934162259101868,0.2717719710431993
18.928412627834593,0.0680292397737503,0.2737868561409414
18.941751889728767,0.09609521925449371,0.2752218945883214
18.95509115162294,0.22541236877441406,0.2846281112171709
18.96843041351712,0.1784694343805313,0.2789923139847815
18.981769675411293,0.8786683082580566,0.3175809786655009
18.995108937305467,0.08145628869533539,0.27084495211020115
19.008448199199645,3.190614700317383,0.4289340949617326
19.02178746109382,0.024070311337709427,0.40654488960281016
19.035126722987993,0.9582191705703735,0.44907267177477483
19.04846598488217,0.009861377999186516,0.44792604204267267
19.061805246776345,2.2710297107696533,0.5521245924755931
19.07514450867052,0.022685935720801353,0.5495412417687475
19.088483770564697,0.474691241979599,0.5570216202177107
19.10182303245887,0.1920986920595169,0.5213433356024324
19.115162294353045,0.5725130438804626,0.5317451016046106
19.12850155624722,0.07726948708295822,0.5345060113817452
19.141840818141397,0.6945926547050476,0.5654689483344555
19.15518008003557,0.06792249530553818,0.5441978100687266
19.168519341929745,0.03924921154975891,0.5131145257502795
19.181858603823922,0.16043376922607422,0.5141691330820323
19.195197865718097,0.4173472821712494,0.5316350352019071
19.20853712761227,0.07805003970861435,0.5307327762246132
19.22187638950645,0.08458176255226135,0.5236912459135055
19.235215651400623,0.44911259412765503,0.5372234039008617
19.248554913294797,0.06435152143239975,0.496507564559579
19.26189417518897,0.030453769490122795,0.49395743859931834
19.27523343708315,0.4375172257423401,0.35630256487056616
19.288572698977323,0.45671677589416504,0.37793488809838893
19.301911960871497,0.05037318915128708,0.33254258902743455
19.315251222765674,0.1631498783826828,0.34020701404660936
19.32859048465985,0.4704614281654358,0.2501785999163985
19.341929746554023,0.035429585725069046,0.2508157824166119
19.3552690084482,0.13758650422096252,0.2339605455286801
19.368608270342374,0.07816240191459656,0.22826373102143407
19.38194753223655,0.05904112383723259,0.20259013501927256
19.395286794130723,0.0844213217496872,0.202947726752609
19.4086260560249,0.0526263490319252,0.17084941146895288
19.421965317919074,0.21079392731189728,0.17799298306927083
19.43530457981325,0.3038143217563629,0.19122123857960102
19.448643841707426,0.747124969959259,0.2205557986162603
19.4619831036016,0.4050505459308624,0.21994096180424094
19.475322365495774,0.01934104412794113,0.21700551202520726
19.488661627389952,0.12506577372550964,0.2190297125838697
19.502000889284126,0.0556454136967659,0.19935635356232526
19.5153401511783,0.05304662138223648,0.1987911085598171
19.528679413072474,0.25572410225868225,0.21005462519824505
19.542018674966652,0.21099023520946503,0.1987282756716013
19.555357936860826,0.4908439815044403,0.20043463595211505
19.568697198755,0.08638113737106323,0.20223503336310386
19.582036460649178,0.07903912663459778,0.19802949577569964
19.595375722543352,0.08245319128036499,0.17862908393144608
19.608714984437526,0.028669802471995354,0.1782910947687924
19.622054246331704,0.3614429235458374,0.18948391573503615
19.635393508225878,0.07722727954387665,0.18943715961650015
19.648732770120052,1.25920569896698,0.24944538837298752
19.66207203201423,0.12017311155796051,0.25123297786340115
19.675411293908404,0.23023101687431335,0.2601132112555206
19.688750555802578,0.1653819978237152,0.2578426147811115
19.702089817696752,0.21743525564670563,0.2535236614756286
19.71542907959093,0.196896493434906,0.22601223764941097
19.728768341485104,0.7428488731384277,0.24290215400978926
19.742107603379278,0.024826273322105408,0.24317641546949745
19.755446865273456,0.16275975108146667,0.24506111433729533
19.76878612716763,0.14719906449317932,0.24963879687711596
19.782125389061804,0.20383794605731964,0.25717836311087017
19.79546465095598,0.018129369243979454,0.245298626460135
19.808803912850156,0.2435450702905655,0.24692636821419003
19.82214317474433,0.2000904530286789,0.23238869179040195
19.835482436638504,0.04069630056619644,0.23010444995015863
19.84882169853268,0.31110286712646484,0.24170763697475198
19.862160960426856,1.082044243812561,0.29168718960136175
19.87550022232103,0.05544579029083252,0.2930259889923036
19.888839484215207,0.538327157497406,0.301870200689882
19.90217874610938,0.22569207847118378,0.30929344063624736
19.915518008003556,0.09417011588811874,0.25104166148230433
19.928857269897733,0.22410094738006592,0.25623805327340965
19.942196531791907,0.06804802268743515,0.24812890356406567
19.95553579368608,0.4250721335411072,0.2611134103499353
19.968875055580256,0.35899123549461365,0.2681912093423307
19.982214317474433,0.2363375872373581,0.2701632640324534
19.995553579368607,0.016890615224838257,0.2338653511367738
20.00889284126278,0.49233290553092957,0.257240682747215
20.02223210315696,0.1226293295621872,0.255234161671251
20.035571365051133,0.02853226289153099,0.24930082159116862
20.048910626945307,0.1460956186056137,0.24641370521858336
20.062249888839485,0.028993383049964905,0.24695690590888264
20.07558915073366,0.08509721606969833,0.23903451319783928
20.088928412627833,0.3240971267223358,0.24523484688252215
20.102267674522007,0.5945577025413513,0.2729279169812799
20.115606936416185,0.2191084325313568,0.26832819525152446
20.12894619831036,0.2241889387369156,0.2254354299977422
20.142285460204533,0.28575044870376587,0.23695066291838887
20.15562472209871,0.023761333897709846,0.21122237173840405
20.168963983992885,0.1713586151599884,0.2085056985728443
20.18230324588706,0.30451059341430664,0.2190227224491537
20.195642507781237,0.8876179456710815,0.25219857236370447
20.20898176967541,0.058460503816604614,0.2517191964201629
20.222321031569585,0.12407997995615005,0.23666958874091504
20.235660293463763,0.032753489911556244,0.22035770146176217
20.248999555357937,0.11139413714408875,0.2141105289570987
20.26233881725211,0.11387018859386444,0.21895950762555
20.275678079146285,0.1237693503499031,0.2005313298664987
20.289017341040463,0.15379096567630768,0.20208941167220473
20.302356602934637,0.14261303842067719,0.20779345044866204
20.31569586482881,0.14930541813373566,0.20795394042506812
20.32903512672299,0.5731619000434875,0.23516236627474424
20.342374388617163,0.07883353531360626,0.23484918223693968
20.355713650511337,0.0688987672328949,0.22208926426246764
20.369052912405515,0.02382233552634716,0.19355249591171741
20.38239217429969,0.42796632647514343,0.20399539060890676
20.395731436193863,0.32512804865837097,0.20904234610497952
20.409070698088037,0.21474429965019226,0.20549203865230087
20.422409959982215,0.16660349071025848,0.21263414649292828
20.43574922187639,0.01418153103441,0.20477529228664937
20.449088483770563,0.23282946646213531,0.20119123593904084
20.46242774566474,0.17405852675437927,0.1655132649932057
20.475767007558915,0.4609525203704834,0.1856378658208996
20.48910626945309,0.021596066653728485,0.18051367015577854
20.502445531347266,0.07284799218177795,0.18251839526928965
20.51578479324144,0.017041845247149467,0.17780078067444266
20.529124055135615,0.8678271174430847,0.21549862711690365
20.54246331702979,0.16629096865653992,0.21762470803223552
20.555802578923966,0.39847293496131897,0.2298588064964861
20.56914184081814,0.4347268342971802,0.24446449629031125
20.582481102712315,0.024876723065972328,0.23824306153692307
20.595820364606492,0.026115665212273598,0.21089074979536238
20.609159626500666,0.0731390193104744,0.21060602399520578
20.62249888839484,0.23104344308376312,0.21871325778774917
20.63583815028902,0.16164161264896393,0.22560422164387997
20.649177412183192,0.07308175414800644,0.20785999302752314
20.662516674077366,1.1934503316879272,0.251276107179001
20.67585593597154,0.2580801844596863,0.2534429014194757
20.68919519786572,0.05795085057616234,0.24801026941277088
20.702534459759892,0.043862614780664444,0.24949432360008358
20.715873721654066,0.02782589942216873,0.23924414524808527
20.729212983548244,0.06675977259874344,0.23387920754030347
20.74255224544242,0.0399966686964035,0.21283141495659946
20.755891507336592,0.11443310976028442,0.2174732671119273
20.76923076923077,0.0902847945690155,0.2183451072312892
20.782570031124944,0.9112290740013123,0.2630544686689973
20.79590929301912,0.22396735846996307,0.23086148072034124
20.809248554913296,0.01714472845196724,0.2234041687101126
20.82258781680747,0.2030094414949417,0.21363099403679373
20.835927078701644,0.25933584570884705,0.20486144460737704
20.84926634059582,0.15463636815547943,0.21134942686185243
20.862605602489996,0.021353989839553833,0.21111134309321644
20.87594486438417,0.1253335326910019,0.21372106876224284
20.889284126278344,0.3912930488586426,0.2217335490509868
20.902623388172522,0.05870954692363739,0.21658694576472048
20.915962650066696,0.012488171458244324,0.2135572666302324
20.92930191196087,0.7661640644073486,0.19219295326620342
20.942641173855048,0.26045435667037964,0.1923116618767381
20.955980435749222,0.020003750920295715,0.19041430689394476
20.969319697643396,0.13008572161197662,0.19472546223551035
20.98265895953757,0.046917885541915894,0.19568006154149772
20.995998221431748,0.16659493744373322,0.20067181978374718
21.009337483325922,0.10434883832931519,0.20388942826539277
21.022676745220096,0.2078647017478943,0.20856100786477327
21.036016007114274,0.27170896530151367,0.21763221640139818
21.049355269008448,0.46115347743034363,0.19512843657284976
21.062694530902622,0.23387005925178528,0.19562357161194086
21.0760337927968,0.09348851442337036,0.19944076091051102
21.089373054690974,0.16460545361042023,0.19752056151628494
21.102712316585148,0.046979136765003204,0.18690272606909272
21.116051578479322,0.06771332025527954,0.18255657367408276
21.1293908403735,0.051046062260866165,0.18404117729514835
21.142730102267674,1.4351295232772827,0.2495309768244624
21.156069364161848,0.18830057978630066,0.2393813533708453
21.169408626056025,0.018899140879511833,0.23739083306863906
21.1827478879502,0.5864346027374268,0.26608815463259816
21.196087149844374,0.014263789169490337,0.22849314087070527
21.20942641173855,0.0010606595315039158,0.21552345601376147
21.222765673632725,0.19768227636814117,0.22440738228615373
21.2361049355269,0.3779432773590088,0.23680026007350535
21.249444197421074,0.08067066967487335,0.2384878992801532
21.26278345931525,0.008116696029901505,0.23056398720946167
21.276122721209425,0.09261990338563919,0.22997754046227784
21.2894619831036,0.16980837285518646,0.22807472401764245
21.302801244997777,0.07390227913856506,0.21818438970949502
21.31614050689195,0.15096767246723175,0.20267509946133944
21.329479768786126,0.06963580846786499,0.19446338692214343
21.342819030680303,0.7940192818641663,0.22948992529418322
21.356158292574477,0.21495315432548523,0.23200731032993643
21.36949755446865,0.35450804233551025,0.2473837556084618
21.38283681636283,0.047590214759111404,0.24637760033365338
21.396176078257003,0.09812859445810318,0.24873172694351525
21.409515340151177,0.12450802326202393,0.1832006519427523
21.42285460204535,0.6043605208396912,0.20400364899542184
21.43619386393953,0.01630682684481144,0.20387403329368683
21.449533125833703,0.9290361404418945,0.2210041101789102
21.462872387727877,0.10290520638227463,0.2254361810395494
21.476211649622055,0.04758540540933609,0.22776241833344102
21.48955091151623,0.14208117127418518,0.22498236307874325
21.502890173410403,0.0733332484960556,0.20975186163559556
21.51622943530458,0.6270970106124878,0.23707317868247632
21.529568697198755,0.34087690711021423,0.25371118923649194
21.54290795909293,0.751736581325531,0.2866670231334865
21.556247220987103,0.15232326090335846,0.28579276753589516
21.56958648288128,0.6888444423675537,0.31653987569734454
21.582925744775455,0.155538871884346,0.3167684356682003
21.59626500666963,0.17391328513622284,0.32198230950161816
21.609604268563807,0.05945288762450218,0.28525398978963495
21.62294353045798,1.285043478012085,0.33875850597396495
21.636282792352155,0.017430512234568596,0.32190462946891785
21.649622054246333,0.0492725744843483,0.32198874745517975
21.662961316140507,0.4282989799976349,0.33849726673215624
21.67630057803468,0.17720746994018555,0.3411322390660644
21.689639839928855,0.12329494953155518,0.31707896050065754
21.702979101823033,0.34463122487068176,0.3334951804019511
21.716318363717207,0.15000098943710327,0.29454342285171153
21.72965762561138,0.31573307514190674,0.30518481628969313
21.74299688750556,0.16141946613788605,0.31087651932612065
21.756336149399733,0.02799421176314354,0.30517217135056857
21.769675411293907,0.06967437267303467,0.3049892275594175
21.783014673188084,0.03835797309875488,0.27555227568373086
21.79635393508226,0.027539951726794243,0.2598854279145598
21.809693196976433,0.2535673975944519,0.2349769687280059
21.823032458870607,0.45753660798072815,0.2502376360818744
21.836371720764784,0.2719341814517975,0.22939212303608655
21.84971098265896,0.854664146900177,0.2643483867868781
21.863050244553133,0.027055200189352036,0.2570054825395346
21.87638950644731,0.27562445402145386,0.26781406085938214
21.889728768341485,0.48961159586906433,0.22804246675223114
21.90306803023566,0.8491013050079346,0.2696260063908994
21.916407292129836,0.1326758861541748,0.2737961719743907
21.92974655402401,0.010712088085711002,0.25291682737879456
21.943085815918185,0.8179499506950378,0.2849539514165372
21.95642507781236,0.2317798137664795,0.2903781946282834
21.969764339706536,0.877860426902771,0.3170396547298879
21.98310360160071,0.24795328080654144,0.32193726929835975
21.996442863494885,0.13669922947883606,0.3129855770152062
22.009782125389062,0.604752779006958,0.3351522426586598
22.023121387283236,0.10573359578847885,0.3390392118599266
22.03646064917741,0.10957284271717072,0.34103413536213345
22.049799911071588,0.5297451615333557,0.3656034947838635
22.063139172965762,0.03331788256764412,0.3658923913259059
22.076478434859936,0.11900081485509872,0.3591640621889383
22.089817696754114,0.2165703922510147,0.3471157514024526
22.103156958648288,0.11113826185464859,0.3390759554225951
22.116496220542462,0.029367992654442787,0.2978111477103085
22.129835482436636,0.11419352889060974,0.30216806414537134
22.143174744330814,0.18497560918331146,0.2976356219034642
22.156514006224988,0.07579218596220016,0.27694465140812097
22.169853268119162,0.2118329405784607,0.24508123318664732
22.18319253001334,0.18745870888233185,0.24782037432305518
22.196531791907514,0.05849825218319893,0.2502096825279296
22.209871053801688,0.02068544365465641,0.21034645717591052
22.223210315695866,0.3194687068462372,0.21473090182989837
22.23654957759004,0.4436926245689392,0.19302251171320678
22.249888839484214,0.16467638313770294,0.18885866682976488
22.263228101378388,0.3708548843860626,0.20056644957512618
22.276567363272566,0.2517243027687073,0.18291502576321364
22.28990662516674,0.3335779905319214,0.19430724550038575
22.303245887060914,0.47909054160118103,0.21278313044458627
22.31658514895509,0.029753506183624268,0.18778354767709968
22.329924410849266,0.11231519281864166,0.19173341318964957
22.34326367274344,0.6239373087882996,0.2169802378863096
22.356602934637618,0.12394430488348007,0.21234893351793288
22.36994219653179,0.02480701170861721,0.20803237101063132
22.383281458425966,0.07513408362865448,0.21032067555934195
22.39662072032014,0.1859697848558426,0.21390948835760357
22.409959982214318,0.08339978754520416,0.20883069727569822
22.42329924410849,0.30276235938072205,0.22017920594662432
22.436638506002666,0.18538539111614227,0.2188568284735084
22.449977767896844,0.2277359664440155,0.22087069135159257
22.463317029791018,0.150505930185318,0.22547107525169852
22.47665629168519,0.40772363543510437,0.2448229848407209
22.48999555357937,0.11571082472801208,0.23463509073480962
22.503334815473544,0.09482480585575104,0.2171916997991502
22.516674077367718,0.11082254350185394,0.21449900781735778
22.53001333926189,0.21164220571517944,0.20653837388381363
22.54335260115607,0.3964865803718567,0.21377648776397112
22.556691863050244,0.2167840301990509,0.2079367897473276
22.570031124944418,0.04975571855902672,0.18647004859521987
22.583370386838595,0.015911469236016273,0.18577794674783948
22.59670964873277,0.55243980884552,0.2077841775491834
22.610048910626944,0.30027374625205994,0.1916009994223714
22.62338817252112,0.050846680998802185,0.1879461182281375
22.636727434415295,0.39398717880249023,0.20640512658283117
22.65006669630947,0.07038366049528122,0.20616760542616247
22.663405958203647,0.16852936148643494,0.2052955842576921
22.67674522009782,0.8300716280937195,0.24262917628511788
22.690084481991995,0.5856772661209106,0.2567749216221273
22.70342374388617,0.014500063844025135,0.24823065525852145
22.716763005780347,0.06488895416259766,0.24008830464445052
22.73010226767452,0.22755122184753418,0.24394056922756135
22.743441529568695,0.7449283599853516,0.2608008054550737
22.756780791462873,0.022846786305308342,0.2561576035339385
22.770120053357047,0.22140063345432281,0.2624863949138671
22.78345931525122,0.3504619300365448,0.2744683642406017
22.7967985771454,0.8218088746070862,0.30497669768519703
22.810137839039573,0.7503823041915894,0.3226714838761836
22.823477100933747,0.40367892384529114,0.33201622855849566
22.83681636282792,0.05878985673189163,0.3324679354671389
22.8501556247221,0.1636328250169754,0.33985400325618675
22.863494886616273,0.06900294125080109,0.3156821598764508
22.876834148510447,0.20898325741291046,0.31111763543449333
22.890173410404625,0.23679803311824799,0.3204152030404657
22.9035126722988,0.22959598898887634,0.312195643549785
22.916851934192973,0.09819889813661575,0.31358640543185173
22.93019119608715,0.050289079546928406,0.30767439133487645
22.943530457981325,0.12370909750461578,0.27235626480542124
22.9568697198755,0.027042238041758537,0.24442451340146362
22.970208981769673,0.296938419342041,0.25854643117636444
22.98354824366385,1.1307971477508545,0.31184184085577726
22.996887505558025,0.16158217191696167,0.30854338835924866
23.0102267674522,0.03114924021065235,0.2728544323705137
23.023566029346377,0.15779244899749756,0.2796017155051232
23.03690529124055,0.1511126458644867,0.27608731612563137
23.050244553134725,0.03173555061221123,0.26015099715441464
23.063583815028903,0.7570424675941467,0.2569126768037677
23.076923076923077,0.08186445385217667,0.22348678428679708
23.09026233881725,0.07591751962900162,0.2070987140759826
23.103601600711425,1.1179436445236206,0.260056403465569
23.116940862605603,0.14156092703342438,0.25895280856639147
23.130280124499777,0.09200472384691238,0.26010289769619704
23.14361938639395,0.4257742464542389,0.2709424471482635
23.15695864828813,0.5661187767982483,0.28740848433226346
23.170297910182303,0.3411899507045746,0.2929881824180484
23.183637172076477,1.0188957452774048,0.33902302477508783
23.196976433970654,0.02766210399568081,0.3378916759975254
23.21031569586483,0.17736774682998657,0.34057460846379395
23.223654957759003,0.14678877592086792,0.34656193535774943
23.23699421965318,0.1685272604227066,0.34014137741178263
23.250333481547354,0.27366217970848083,0.297284629009664
23.26367274344153,0.9457885026931763,0.3364949455484748
23.277012005335703,0.04438755288720131,0.33715686118230226
23.29035126722988,0.2634844183921814,0.34244145965203643
23.303690529124054,0.05916144698858261,0.33784389970824125
23.31702979101823,0.1240648701786995,0.3424603656865657
23.330369052912406,0.047742344439029694,0.30699535952880985
23.34370831480658,0.3198276162147522,0.3188935176469386
23.357047576700754,0.18238013982772827,0.3242166486568749
23.370386838594932,0.10032546520233154,0.27333573969081043
23.383726100489106,0.27377501130104065,0.2799464439041912
23.39706536238328,0.42989540100097656,0.29684097776189444
23.410404624277454,0.21762894093990326,0.2864337124861777
23.423743886171632,0.15611353516578674,0.2659334504045546
23.437083148065806,0.3973017632961273,0.26873904103413226
23.45042240995998,0.08510151505470276,0.2220493295229972
23.463761671854158,0.1717049926519394,0.22925147395581008
23.477100933748332,0.3677637577056885,0.23877127449959518
23.490440195642506,0.030369289219379425,0.23295030016452076
23.503779457536684,0.0842069759964943,0.22873428594321013
23.517118719430858,0.5429036617279053,0.24219636004418138
23.530457981325032,0.05214875191450119,0.19751437250524764
23.543797243219206,0.16986043751239777,0.20378801673650745
23.557136505113384,0.5477460026741028,0.21800109595060352
23.570475767007558,0.1007240042090416,0.22007922381162648
23.583815028901732,0.1565844565629959,0.22170520313084127
23.59715429079591,0.06930002570152283,0.22278308719396592
23.610493552690084,0.07343055307865143,0.2104632340371609
23.623832814584258,0.1298549771308899,0.207836975902319
23.637172076478436,0.08259762823581696,0.20695058405399328
23.65051133837261,0.15025481581687927,0.20077457427978518
23.663850600266784,0.0974327027797699,0.18415143936872486
23.677189862160958,0.1129981279373169,0.17891989871859554
23.690529124055136,0.1187620535492897,0.17705232463777068
23.70386838594931,0.04264933615922928,0.1593197032809258
23.717207647843484,0.1845187544822693,0.16429056525230407
23.73054690973766,0.37815335392951965,0.17461298331618308
23.743886171631836,1.1364909410476685,0.2130493424832821
23.75722543352601,0.17622660100460052,0.22034220807254315
23.770564695420187,0.07316238433122635,0.21978997848927975
23.78390395731436,0.11406519263982773,0.19834805503487588
23.797243219208536,0.16827191412448883,0.20415421314537524
23.810582481102713,0.18781401216983795,0.20505189187824727
23.823921742996887,0.32861608266830444,0.19409539587795735
23.83726100489106,0.05442705377936363,0.19178054835647343
23.850600266785236,0.06749213486909866,0.18732593227177857
23.863939528679413,0.9136598706245422,0.22954392451792954
23.877278790573587,0.48889827728271484,0.25031731072813274
23.89061805246776,1.1163527965545654,0.29964220169931655
23.90395731436194,0.05467339605093002,0.2982459900900722
23.917296576256113,0.07670839130878448,0.2945686688646674
23.930635838150287,1.002421498298645,0.33981810864061124
23.943975100044465,0.13135282695293427,0.34073584359139203
23.95731436193864,0.5034224987030029,0.35996886584907767
23.970653623832813,0.24906615912914276,0.3702897069975734
23.983992885726988,0.056744709610939026,0.36390100475400694
23.997332147621165,0.39442312717437744,0.3647144934162498
24.01067140951534,0.09863819181919098,0.31282185595482587
24.024010671409513,0.17890875041484833,0.3129559634253382
24.03734993330369,0.08782317489385605,0.31368900295346974
24.050689195197865,0.30089160799980164,0.32303032372146845
24.06402845709204,0.13015896081924438,0.3211246760562062
24.077367718986217,0.38451629877090454,0.3309597903862596
24.09070698088039,0.38763538002967834,0.3339107552543283
24.104046242774565,0.5575230717658997,0.3590655561536551
24.11738550466874,0.08987843245267868,0.3601848710328341
24.130724766562917,0.009438063018023968,0.31497378065250814
24.14406402845709,0.6711786985397339,0.3240878017153591
24.157403290351265,0.14630700647830963,0.27558551221154637
24.170742552245443,0.24952252209186554,0.2853279685135931
24.184081814139617,0.7951699495315552,0.3212510464247317
24.19742107603379,0.041027095168828964,0.2731813262682408
24.21076033792797,0.02436654455959797,0.26783201214857394
24.224099599822143,0.2516227662563324,0.2552420255262405
24.237438861716317,0.0634179636836052,0.2459596157539636
24.25077812361049,0.35576319694519043,0.26091054012067616
24.26411738550467,0.30167099833488464,0.2562729336787015
24.277456647398843,0.007093633059412241,0.25169570574071254
24.290795909293017,0.019167276099324226,0.24370863202493642
24.304135171187195,0.22376605868339539,0.2505057762144134
24.31747443308137,0.12637531757354736,0.24177996169310065
24.330813694975543,0.3219367265701294,0.2513688499806449
24.34415295686972,0.24119412899017334,0.2442027414916083
24.357492218763895,0.1285369098186493,0.23124781798105687
24.37083148065807,0.036694496870040894,0.20520638923626397
24.384170742552246,0.3521411716938019,0.2183195261983201
24.39751000444642,0.13048161566257477,0.22437170383054764
24.410849266340595,0.08434698730707169,0.19503011826891453
24.42418852823477,0.19646388292312622,0.19753796209115537
24.437527790128946,0.17420747876167297,0.19377220992464575
24.45086705202312,0.8967915773391724,0.1988532913150266
24.464206313917295,0.1091606467962265,0.2022599688963965
24.477545575811472,0.1293139010667801,0.20750733672175556
24.490884837705647,0.12475282698869705,0.20116383975837376
24.50422409959982,0.11320485919713974,0.2036531845340505
24.517563361494,0.02654205448925495,0.18719212741125374
24.530902623388172,0.7450952529907227,0.20936334014404567
24.544241885282347,0.06338832527399063,0.2121780747547746
24.55758114717652,0.08925192058086395,0.21568230697885157
24.5709204090707,0.2048466056585312,0.21473633432760839
24.584259670964872,0.05566871166229248,0.21120100403204564
24.597598932859047,0.16416598856449127,0.2033124671317637
24.610938194753224,0.1082465648651123,0.19666508892551066
24.6242774566474,0.5336294770240784,0.21691971728578208
24.637616718541572,0.14284014701843262,0.2222269997932017
24.65095598043575,0.040265388786792755,0.20663321064785123
24.664295242329924,0.020089391618967056,0.20111359944567087
24.6776345042241,0.04086850583553314,0.19893967537209392
24.690973766118272,0.09354868531227112,0.1937939154915512
24.70431302801245,0.02821124717593193,0.18649410391226415
24.717652289906624,0.16246101260185242,0.14977757567539812
24.7309915518008,0.18577244877815247,0.15360816577449443
24.744330813694976,0.015685556456446648,0.14792674854397775
24.75767007558915,0.04370128735899925,0.14387417156249285
24.771009337483324,0.714086651802063,0.173918261192739
24.784348599377502,0.1778913289308548,0.181485724914819
24.797687861271676,0.2846243381500244,0.1584621791727841
24.81102712316585,0.18971945345401764,0.16477873558178543
24.824366385060024,0.6456101536750793,0.19259664723649622
24.837705646954202,0.03528623282909393,0.18411862859502437
24.851044908848376,0.025516128167510033,0.1826109994202852
24.86438417074255,0.6122263073921204,0.20501401536166666
24.877723432636728,0.23160743713378906,0.21118205897510048
24.891062694530902,0.4092884361743927,0.2049650069326162
24.904401956425076,0.026702620089054108,0.19915813058614731
24.917741218319254,0.3412477970123291,0.21420725099742413
24.931080480213428,0.06175451725721359,0.21629050727933646
24.944419742107602,0.29097479581832886,0.22879582177847627
24.95775900400178,0.5297371745109558,0.2506052462384105
24.971098265895954,0.025906214490532875,0.25048999460414056
24.984437527790128,0.29860997200012207,0.257297442574054
24.997776789684302,0.21867221593856812,0.2589424309320748
25.01111605157848,0.19402624666690826,0.2678594654425979
25.024455313472654,0.14535441994667053,0.2729421220719815
25.037794575366828,0.25374096632003784,0.2499248377978802
25.051133837261006,0.07938037812709808,0.24499929025769235
25.06447309915518,0.3524455726146698,0.2483903519809246
25.077812361049354,0.030573619529604912,0.24043306028470396
25.09115162294353,0.10381952673196793,0.2133435289375484
25.104490884837706,0.34439149498939514,0.22879879204556344
25.11783014673188,0.09471067786216736,0.23225851953029633
25.131169408626054,1.151401400566101,0.2592172741889954
25.14450867052023,0.1653287559747696,0.25590334013104443
25.157847932414406,0.3000624477863312,0.25044204071164133
25.17118719430858,0.13212016224861145,0.2557129178196192
25.184526456202757,0.1786985844373703,0.24758545719087122
25.19786571809693,0.2048797756433487,0.254741720110178
25.211204979991106,1.2577996253967285,0.3030829615890979
25.224544241885283,0.6419674754142761,0.30869447663426397
25.237883503779457,0.10684942454099655,0.31274163713678715
25.25122276567363,0.28756701946258545,0.3121894895099103
25.264562027567806,0.19261252880096436,0.3108865051530302
25.277901289461983,0.014027909375727177,0.3018865882884711
25.291240551356157,0.053237203508615494,0.29728072746656836
25.30457981325033,0.2670830488204956,0.2979478315915912
25.31791907514451,0.13527324795722961,0.3007424750830978
25.331258337038683,0.14405286312103271,0.290322839608416
25.344597598932857,0.03012518212199211,0.2903004177380353
25.357936860827035,0.04373066499829292,0.28729597465135154
25.37127612272121,0.5107389688491821,0.29561334834434094
25.384615384615383,0.18894526362419128,0.30032507763244215
25.397954646509557,0.6641588807106018,0.2759629516396671
25.411293908403735,0.021806830540299416,0.26878685536794367
25.42463317029791,0.108627550303936,0.2592151104938239
25.437972432192083,0.0864437073469162,0.25693128774873913
25.45131169408626,0.07932698726654053,0.25196270789019765
25.464650955980435,0.13837158679962158,0.24863729844801125
25.47799021787461,0.07636648416519165,0.18956564138643442
25.491329479768787,0.0312982015311718,0.15903217769227923
25.50466874166296,0.034114498645067215,0.15539543139748274
25.518008003557135,0.1178450658917427,0.14690933371894063
25.53134726545131,0.3995930254459381,0.1572583585511893
25.544686527345487,0.41463613510131836,0.17728876983746888
25.55802578923966,0.08088357001543045,0.1786710881628096
25.571365051133835,0.009699069894850254,0.16580188921652733
25.584704313028013,0.073580801486969,0.1627172668930143
25.598043574922187,0.028823286294937134,0.1569557880517095
25.61138283681636,0.17035546898841858,0.16396730239503085
25.62472209871054,0.05700446292757988,0.16463099229149522
25.638061360604713,0.1291874349117279,0.1455534155946225
25.651400622498887,0.055092502385377884,0.13886077753268183
25.664739884393065,0.022164275869727135,0.1067610472906381
25.67807914628724,0.1938331425189972,0.115362362889573
25.691418408181413,0.08262374997138977,0.11406217287294566
25.704757670075587,0.2885437309741974,0.12416717405430974
25.718096931969765,0.06800412386655807,0.12360103088431063
25.73143619386394,0.2719966471195221,0.13028228390030566
25.744775455758113,0.15302953124046326,0.13411543625406921
25.75811471765229,0.12358272820711136,0.13872966258786618
25.771453979546465,0.49745845794677734,0.1618968605529517
25.78479324144064,0.10510627180337906,0.16125992084853352
25.798132503334816,0.24506936967372894,0.15353373805992304
25.81147176522899,0.14127807319164276,0.13986583496443927
25.824811027123165,0.04593665152788162,0.13811848904006183
25.83815028901734,0.18907912075519562,0.1470874915830791
25.851489550911516,0.16547566652297974,0.15168223483487964
25.86482881280569,0.027926767244935036,0.1516374088823795
25.878168074699865,0.25237345695495605,0.15573830828070642
25.891507336594042,0.13550040125846863,0.15966310519725085
25.904846598488216,0.5169568657875061,0.1790515767410398
25.91818586038239,0.6353861689567566,0.2080662600696087
25.931525122276568,0.06935953348875046,0.21042602295055987
25.944864384170742,0.011595580726861954,0.2013141448609531
25.958203646064916,0.3269188404083252,0.21352889938279984
25.97154290795909,0.20606516301631927,0.20940497098490596
25.984882169853268,0.973187267780304,0.25466412818059325
25.998221431747442,0.10946088284254074,0.24653733996674418
26.011560693641616,0.45837125182151794,0.2618044259957969
26.024899955535794,0.2304610311985016,0.2671483411453664
26.038239217429968,0.33092060685157776,0.25882144859060646
26.051578479324142,0.11680510640144348,0.25940639032050966
26.06491774121832,0.7279341816902161,0.28354963092133406
26.078257003112494,0.08507692813873291,0.28073957366868857
26.091596265006668,1.1155993938446045,0.3342227107845247
26.104935526900842,0.07577716559171677,0.3285576130263508
26.11827478879502,0.04723312333226204,0.32264548586681496
26.131614050689194,0.04975079745054245,0.32373668737709527
26.144953312583368,0.04784105718135834,0.3135100673884154
26.158292574477546,0.08861763030290604,0.31116592884063726
26.17163183637172,0.09731073677539825,0.2901836223900318
26.184971098265894,0.011388682760298252,0.2589837480802089
26.19831036016007,0.04865273833274841,0.2579484083224088
26.211649622054246,0.11736969649791718,0.26323711411096157
26.22498888394842,0.49409282207489014,0.2715958131942898
26.238328145842598,0.29854390025138855,0.2762197500560433
26.25166740773677,0.15384657680988312,0.23525271550752222
26.265006669630946,0.03234416991472244,0.2313968798611313
26.27834593152512,1.2624658346176147,0.2716016090009361
26.291685193419298,0.18797308206558228,0.26947721154429016
26.30502445531347,0.037976812571287155,0.2548300218302757
26.318363717207646,0.04735112562775612,0.25135732279159134
26.331702979101824,0.1125180572271347,0.2205865165684372
26.345042240995998,0.02351432293653488,0.21750838630832728
26.358381502890172,0.33666887879371643,0.17856186055578288
26.37172076478435,0.4723433554172516,0.19839017004705964
26.385060026678524,0.705047607421875,0.23128089425154036
26.398399288572698,0.02253512665629387,0.2299201107118279
26.411738550466872,0.04124751314520836,0.22959043351002037
26.42507781236105,0.12097417563199997,0.23120826077647505
26.438417074255224,0.08401472121477127,0.23054345999844372
26.451756336149398,0.10403408855199814,0.2351757302880287
26.465095598043575,0.3188421428203583,0.2486852005124092
26.47843485993775,0.20221571624279022,0.2529275014996529
26.491774121831924,0.09404025971889496,0.23292487338185308
26.5051133837261,0.07173926383256912,0.22158464156091212
26.518452645620275,0.29863080382347107,0.22882385291159152
26.53179190751445,0.3200528621673584,0.24320928752422333
26.545131169408624,1.724622130393982,0.2663171023130417
26.5584704313028,0.09422116726636887,0.261629506573081
26.571809693196975,0.3309563398361206,0.2762784829363227
26.58514895509115,1.6956489086151123,0.3586933720856905
26.598488216985327,0.5831019878387451,0.3822225686162711
26.6118274788795,0.3242867887020111,0.39726119190454484
26.625166740773675,0.398124635219574,0.4003339797258378
26.638506002667853,0.2439144253730774,0.38891253322362906
26.651845264562027,0.5391254425048828,0.3806164249777794
26.6651845264562,0.12598676979541779,0.38578900713473563
26.678523788350375,0.09140919148921967,0.3882970910519362
26.691863050244553,0.100705586373806,0.3872836615890265
26.705202312138727,0.8041885495185852,0.4232923530042172
26.7185415740329,0.009596109390258789,0.4185704540461302
26.73188083592708,0.027368692681193352,0.40399678153917196
26.745220097821253,0.17225423455238342,0.40249870745465166
26.758559359715427,0.04198850318789482,0.3998961196281017
26.771898621609605,0.029760582372546196,0.3977971855551005
26.78523788350378,0.20904049277305603,0.3933176700025798
26.798577145397953,0.6089504361152649,0.4077625486999751
26.81191640729213,0.4249498248100281,0.34277893342077737
26.825255669186305,0.08029136806726456,0.34208244346082217
26.83859493108048,0.0985126793384552,0.33046026043593885
26.851934192974653,0.8777202367782593,0.2895638268440962
26.86527345486883,1.0409996509552002,0.3124587099999189
26.878612716763005,0.3014787435531616,0.3113183077424765
26.89195197865718,0.062476906925439835,0.2945359213277698
26.905291240551357,0.02577715553343296,0.2836290578357875
26.91863050244553,0.07388188689947128,0.260366880055517
26.931969764339705,0.09444650262594223,0.25878986669704324
26.945309026233883,0.031209545210003853,0.25577988438308236
26.958648288128057,1.5370869636535645,0.32759895324707033
26.97198755002223,0.2310374528169632,0.29894139841198925
26.985326811916405,0.2632013261318207,0.3116216592490673
26.998666073810583,0.03951510787010193,0.31222898000851274
27.012005335704757,0.3427598476409912,0.32075426066294316
27.02534459759893,0.048404205590486526,0.3210750457830727
27.03868385949311,0.19236238300800323,0.32920513581484556
27.052023121387283,0.18202972412109375,0.3278545973822474
27.065362383281457,0.5604837536811829,0.32543126326054334
27.078701645175634,0.17826643586158752,0.3130970938131213
27.09204090706981,0.22286629676818848,0.32022584024816747
27.105380168963983,0.10971928387880325,0.3207861704751849
27.118719430858157,1.2380735874176025,0.3388038380071521
27.132058692752334,0.08878713101148605,0.2911932120099664
27.14539795464651,0.13945145905017853,0.2830918477848172
27.158737216540683,0.14386241137981415,0.28716112300753593
27.17207647843486,0.42855024337768555,0.30729977739974856
27.185415740329034,0.08747612684965134,0.30797948939725756
27.19875500222321,0.09489106386899948,0.3080017174594104
27.212094264117386,0.18484894931316376,0.3156836876645684
27.22543352601156,0.38383594155311584,0.258021136559546
27.238772787905734,0.09780675172805786,0.2513596015051007
27.25211204979991,0.23635895550251007,0.25001748297363524
27.265451311694086,0.15203137695789337,0.25564329642802475
27.27879057358826,0.5202550888061523,0.26451805848628285
27.292129835482434,0.8260912299156189,0.30340240970253946
27.305469097376612,0.1261996179819107,0.3000942714512348
27.318808359270786,0.08139216899871826,0.29506239369511605
27.33214762116496,0.22662246227264404,0.27836932912468915
27.345486883059138,0.22097834944725037,0.28050492480397227
27.358826144953312,0.0455186553299427,0.27163754273206
27.372165406847486,0.37543103098869324,0.2849231300875545
27.385504668741664,0.15349870920181274,0.23069438617676497
27.398843930635838,0.12714985013008118,0.2326125221326947
27.412183192530012,0.13439692556858063,0.23235979545861482
27.425522454424186,0.20067186653614044,0.23520026821643114
27.438861716318364,0.1588638573884964,0.22171594891697172
27.452200978212538,0.1492937058210373,0.22480682786554104
27.465540240106712,0.021902859210968018,0.22115741763263946
27.47887950200089,0.012795692309737206,0.21255475478246813
27.492218763895064,0.035018522292375565,0.1951138838194311
27.505558025789238,1.4106725454330444,0.2607571735046804
27.518897287683416,0.38037699460983276,0.2679580754600465
27.53223654957759,0.08214273303747177,0.2644636432640254
27.545575811471764,0.10137703269720078,0.24351974045857788
27.558915073365938,0.07814374566078186,0.20612236624583608
27.572254335260116,1.3187819719314575,0.2657514839433134
27.58559359715429,0.4932071566581726,0.2863422333262861
27.598932859048464,0.1612366884946823,0.283072944637388
27.61227212094264,0.19441956281661987,0.2817450053058565
27.625611382836816,0.005747971590608358,0.2797564711188898
27.63895064473099,0.2769659757614136,0.27483321835752583
27.652289906625168,0.2084006667137146,0.2775783162331209
27.66562916851934,0.19023296236991882,0.2807324718451128
27.678968430413516,0.23798131942749023,0.2859116915380583
27.69230769230769,0.05386604741215706,0.27857140058185903
27.705646954201868,0.8172429203987122,0.31149035373236983
27.71898621609604,0.1775897741317749,0.3129051571479067
27.732325477990216,0.3030267059803009,0.3269613494863733
27.745664739884393,0.05673227459192276,0.32915817860048263
27.759004001778568,0.24500663578510284,0.339657584275119
27.77234326367274,0.014474190771579742,0.2698476665420458
27.78568252556692,0.024683460593223572,0.25206298984121533
27.799021787461093,0.28340378403663635,0.26212604239117354
27.812361049355268,0.09071853011846542,0.2615931172622368
27.82570031124944,0.823792040348053,0.29887553199660033
27.83903957314362,0.6739973425865173,0.26663630052935333
27.852378835037793,1.8638077974319458,0.335166332568042
27.865718096931968,0.13160398602485657,0.3336846974445507
27.879057358826145,0.04498060792684555,0.326212749700062
27.89239662072032,0.06229721009731293,0.3290402116253972
27.905735882614493,0.11448448151350021,0.3209161369130016
27.91907514450867,0.3739757835865021,0.329194892756641
27.932414406402845,0.045080143958330154,0.32193725183606153
27.94575366829702,0.125896155834198,0.3163329936563969
27.959092930191197,0.2008534073829651,0.32368236165493725
27.97243219208537,0.5638781785964966,0.3110141245648265
27.985771453979545,0.7236743569374084,0.33831835370510815
27.99911071587372,0.020185062661767006,0.32417627153918144
28.012449977767897,0.06618408113718033,0.32464886186644437
28.02578923966207,0.21202529966831207,0.3229997950606049
28.039128501556245,0.27329641580581665,0.33594090631231677
28.052467763450423,0.16609352827072144,0.3430114096961916
28.065807025344597,0.14707638323307037,0.33619503965601333
28.07914628723877,1.4597375392913818,0.40464599011465907
28.09248554913295,0.35121726989746094,0.3810172515921295
28.105824811027123,0.442725270986557,0.36945364801213154
28.119164072921297,0.16115078330039978,0.28432079730555415
28.13250333481547,0.02260623686015606,0.27887090984731916
28.14584259670965,0.21444642543792725,0.28734420072287326
28.159181858603823,0.11724164336919785,0.2900914223864675
28.172521120497997,0.3761614263057709,0.30317526962608105
28.185860382392175,0.6184338331222534,0.31539817210286863
28.19919964428635,0.12707065045833588,0.31949769742786893
28.212538906180523,0.2678645849227905,0.3265961188822985
28.2258781680747,0.1646212488412857,0.32478451095521454
28.239217429968875,0.07670858502388,0.3004260312765837
28.25255669186305,0.5661104321479797,0.29254783503711224
28.265895953757223,0.08977425843477249,0.2960272948257625
28.2792352156514,0.4902227222919464,0.31722922688350086
28.292574477545575,0.08198139071464539,0.3107270314358175
28.30591373943975,0.10416094958782196,0.30227025812491776
28.319253001333927,0.565820038318634,0.32225658362731335
28.3325922632281,0.023922722786664963,0.316098900604993
28.345931525122275,0.5965728759765625,0.27294066743925216
28.359270787016452,0.06644326448440552,0.2587019671685994
28.372610048910627,0.019414862617850304,0.23753644675016405
28.3859493108048,0.09975668042898178,0.23446674160659314
28.399288572698975,0.13336920738220215,0.24000489013269546
28.412627834593152,0.021162385120987892,0.23034068811684852
28.425967096487327,0.12180578708648682,0.23056889530271296
28.4393063583815,0.6855418682098389,0.24603791739791636
28.45264562027568,0.19528217613697052,0.2248803345486522
28.465984882169852,0.048149239271879196,0.22093426398932936
28.479324144064027,0.06402484327554703,0.21074227690696717
28.492663405958204,0.06892872601747513,0.20595765076577663
28.50600266785238,0.153583362698555,0.2098013896495104
28.519341929746552,0.030488738790154457,0.18302030498161911
28.53268119164073,0.12905509769916534,0.18498434694483878
28.546020453534904,0.13087883591651917,0.1670171526260674
28.55935971542908,0.2731001377105713,0.17657308997586368
28.572698977323252,0.03797925263643265,0.17326400512829424
28.58603823921743,0.14156369864940643,0.15205118814483284
28.599377501111604,0.53061842918396,0.1773859734646976
28.61271676300578,0.019790954887866974,0.14854687741026285
28.626056024899956,0.33448222279548645,0.16194882532581686
28.63939528679413,0.2323978990316391,0.1725979771465063
28.652734548688304,0.14137038588523865,0.17467866241931915
28.666073810582482,0.04656587168574333,0.17033849563449618
28.679413072476656,0.1114475354552269,0.17485275315120816
28.69275233437083,0.0735054761171341,0.17243773760274053
28.706091596265004,0.9233454465866089,0.18432791652157898
28.719430858159182,0.05531664192676544,0.17732963981106878
28.732770120053356,0.1402597427368164,0.1819351649843156
28.74610938194753,0.11950769275426865,0.18470930745825173
28.759448643841708,0.09742175787687302,0.18613395905122163
28.772787905735882,0.351065069437027,0.19600804438814523
28.786127167630056,0.14617963135242462,0.20179258901625874
28.799466429524234,0.0625014454126358,0.19846490640193226
28.812805691418408,0.4324062466621399,0.2135412769392133
28.826144953312582,0.017997700721025467,0.200786155089736
28.839484215206756,1.6983944177627563,0.2838069133460522
28.852823477100934,0.1283431351184845,0.2831458851695061
28.866162738995108,0.06501253694295883,0.25986559055745606
28.879502000889282,0.12341967225074768,0.2650470264256001
28.89284126278346,0.15317443013191223,0.2559816367924213
28.906180524677634,0.4543743133544922,0.26708045750856396
28.919519786571808,0.02660440094769001,0.26134215826168655
28.932859048465986,0.11749860644340515,0.26488879499956963
28.94619831036016,0.07183826714754105,0.26290833158418536
28.959537572254334,0.030713804066181183,0.26076874798163774
28.972876834148508,1.318008303642273,0.2805018908344209
28.986216096042686,0.10266904532909393,0.28286951100453733
28.99955535793686,0.3546005189418793,0.2935865498147905
29.012894619831034,0.08966469764709473,0.29209440005943177
29.02623388172521,0.3559230864048004,0.3050194664858281
29.039573143619386,0.495618611574173,0.31224714359268546
29.05291240551356,0.07504981756210327,0.3086906529031694
29.066251667407737,1.3640830516815186,0.3737697332166135
29.07959092930191,0.022914133965969086,0.353295127581805
29.092930191196086,0.12369495630264282,0.3585799903608858
29.106269453090263,0.3657839298248291,0.29194946596398946
29.119608714984437,0.08278907090425491,0.289671762753278
29.13294797687861,0.03694789111614227,0.2882685304619372
29.146287238772786,1.303720474243164,0.347283570561558
29.159626500666963,0.02771710231900215,0.34101070417091256
29.172965762561137,0.07308610528707504,0.32194629376754164
29.18630502445531,0.21546755731105804,0.33138945158571
29.19964428634949,0.8338766694068909,0.3672083547338843
29.212983548243663,0.1659040004014969,0.37191164139658206
29.226322810137837,0.8082782030105591,0.410789861343801
29.239662072032015,0.23766188323497772,0.3567725403234363
29.25300133392619,2.252850294113159,0.4642816027626395
29.266340595820363,0.03329674154520035,0.4482164138928056
29.279679857714537,0.009898897260427475,0.4442281238734722
29.293019119608715,0.1369994729757309,0.43328194320201874
29.30635838150289,0.3025989532470703,0.4236309602856636
29.319697643397063,0.18211504817008972,0.42898422181606294
29.33303690529124,0.15065446496009827,0.36831279247999194
29.346376167185415,0.19671885669231415,0.3770030286163092
29.35971542907959,0.1832028478384018,0.3799784231930971
29.373054690973767,0.41818782687187195,0.38259861804544926
29.38639395286794,0.08665958046913147,0.3827921435236931
29.399733214762115,0.16882024705410004,0.389385761320591
29.41307247665629,0.03706642985343933,0.32605305910110477
29.426411738550467,0.04718174785375595,0.32702629137784245
29.43975100044464,0.030269689857959747,0.32488547060638673
29.453090262338815,0.03560711815953255,0.3158924486488105
29.466429524232993,0.3057997226715088,0.2894886013120414
29.479768786127167,0.3215494751930237,0.2972708750516177
29.49310804802134,0.08541417866945267,0.2611276738345623
29.50644730991552,0.03298034146428108,0.25089359674602746
29.519786571809693,0.15558059513568878,0.14603011179715397
29.533125833703867,0.20827190577983856,0.1547788700088859
29.54646509559804,0.2162351906299591,0.16509568467736246
29.55980435749222,0.05236037075519562,0.1608637295663357
29.573143619386393,0.6600191593170166,0.17873473986983301
29.586482881280567,0.2465364634990692,0.18195581063628197
29.599822143174745,0.2902179956436157,0.18893398717045787
29.61316140506892,0.5127798318862915,0.2047370359301567
29.626500666963093,0.0365421324968338,0.1974040001630783
29.63983992885727,0.16513343155384064,0.18475128039717675
29.653179190751445,0.037864793092012405,0.1823115410283208
29.66651845264562,0.13470350205898285,0.18060570377856494
29.679857714539793,0.02861855737864971,0.18018331015482542
29.69319697643397,0.2025393843650818,0.18795119198039173
29.706536238328145,0.2639479637145996,0.19963510567322376
29.71987550022232,0.3482789099216461,0.2152686952613294
29.733214762116496,0.08853451162576675,0.20440543470904232
29.74655402401067,0.16835445165634155,0.19674568353220823
29.759893285904845,0.4025369882583618,0.2126018240116537
29.773232547799022,0.19827155768871307,0.22086638482287527
29.786571809693196,0.10178259760141373,0.21817648494616151
29.79991107158737,0.08887384831905365,0.21220658207312226
29.813250333481548,0.2770051658153534,0.21524508083239197
29.826589595375722,0.5916805863380432,0.24221109161153434
29.839928857269896,0.07537944614887238,0.21297910595312713
29.85326811916407,0.07855287194252014,0.20457992637529968
29.866607381058248,0.15862607955932617,0.1980003305710852
29.879946642952422,0.05814855545759201,0.17526876674965025
29.893285904846596,1.4483708143234253,0.24586020084097981
29.906625166740774,0.007897686213254929,0.23799841357395057
29.919964428634948,0.6215865612030029,0.26718450197950006
29.933303690529122,0.24216164648532867,0.27255740920081734
29.9466429524233,0.5985362529754639,0.301053293980658
29.959982214317474,0.22933891415596008,0.3023932704702019
29.973321476211648,0.01732194609940052,0.29006196958944197
29.986660738105822,0.06786075234413147,0.2760410617105662
30.0,0.8054972290992737,0.31188919758424155
