Epoch,Raw_Loss,Smoothed_Loss
0.0,1.5491304397583008,1.549130439758301
0.006668148477439431,1.1173715591430664,1.5275424957275392
0.013336296954878863,0.9240920543670654,1.4962905764579775
0.020004445432318295,1.0973833799362183,1.4737032234668732
0.026672593909757725,0.5794926881790161,1.425221335887909
0.033340742387197156,1.3791322708129883,1.4167214274406434
0.04000889086463659,0.16006021201610565,1.3472679160535335
0.04667703934207602,0.43766024708747864,1.2916944064199924
0.05334518781951545,0.17890998721122742,1.2231833837926387
0.060013336296954885,0.45950549840927124,1.1687021367251873
0.06668148477439431,0.5480540990829468,1.1186483196914196
0.07334963325183375,0.44835108518600464,1.0636093519628047
0.08001778172927318,0.7018680572509766,1.0212462328374385
0.08668593020671261,0.30149051547050476,0.9588642366230488
0.09335407868415203,0.47114741802215576,0.9049650855362414
0.10002222716159147,0.12715229392051697,0.8338661782443522
0.1066903756390309,0.5993592739105225,0.7863776199519633
0.11335852411647034,1.0852783918380737,0.7631850175559521
0.12002667259390977,0.19781219959259033,0.6956191055476666
0.1266948210713492,0.39671486616134644,0.637998326867819
0.13336296954878862,0.4898945987224579,0.5850365348160268
0.14003111802622806,0.25173622369766235,0.5417547680437566
0.1466992665036675,0.2190418541431427,0.5065022580325604
0.15336741498110693,0.6319761872291565,0.4832318983972073
0.16003556345854636,0.20596666634082794,0.4645555973052979
0.1667037119359858,0.35713329911231995,0.4134556487202644
0.17337186041342523,0.4345513582229614,0.42718020603060713
0.18004000889086463,0.09920644015073776,0.4102575156837701
0.18670815736830407,0.12031612545251846,0.4073278225958347
0.1933763058457435,0.3361658751964569,0.401160841435194
0.20004445432318294,1.6010684967041016,0.4538115613162518
0.20671260280062237,0.16623874008655548,0.4397059440612793
0.2133807512780618,0.1084732785820961,0.4100362051278353
0.22004889975550124,1.057515025138855,0.44783743061125275
0.22671704823294067,0.5333585143089294,0.45094798542559145
0.2333851967103801,0.042206112295389175,0.4467006763443351
0.24005334518781954,0.4170670509338379,0.43758606519550086
0.24672149366525897,0.21591557562351227,0.3941179243847727
0.2533896421426984,0.4331666827201843,0.40588564854115244
0.26005779062013784,0.23962898552417755,0.39803135450929406
0.26672593909757725,0.06880298256874084,0.37697677370160815
0.2733940875750167,0.6453801393508911,0.3966589694842696
0.2800622360524561,0.5711614489555359,0.41426494922488927
0.2867303845298955,1.0541375875473022,0.4353730192407966
0.293398533007335,0.17244286835193634,0.433696829341352
0.3000666814847744,0.03296612203121185,0.4174884704872966
0.30673482996221385,0.654939591884613,0.42850788217037916
0.31340297843965326,0.05994497239589691,0.4265448087826371
0.3200711269170927,1.0927687883377075,0.4751674419268966
0.3267392753945321,0.023961056023836136,0.4595572009682655
0.3334074238719716,0.11828695237636566,0.3854181237518787
0.340075572349411,0.02780313976109028,0.3784963437356054
0.34674372082685045,1.2687082290649414,0.43650809125974765
0.35341186930428986,0.11717972159385681,0.3894913260824978
0.36008001778172927,0.5065550804138184,0.3881511543877422
0.36674816625916873,0.15117886662483215,0.3935997921042144
0.37341631473660813,0.6465142369270325,0.4050721514038742
0.3800844632140476,0.2719917595386505,0.4078759605996311
0.386752611691487,0.9716175198554993,0.43479850245639684
0.39342076016892646,0.47867119312286377,0.4467506128363311
0.40008890864636587,0.6284089684486389,0.47473091213032603
0.40675705712380533,0.35151752829551697,0.46003778157755737
0.41342520560124474,0.23922587931156158,0.4434410030953587
0.4200933540786842,0.10947173833847046,0.39620771063491705
0.4267615025561236,0.047199513763189316,0.3899455429054797
0.433429651033563,0.3152313530445099,0.4040588044561446
0.4400977995110025,0.05314027518033981,0.37396883862093094
0.4467659479884419,0.8576654195785522,0.41385486098006374
0.45343409646588134,0.9753682613372803,0.40798483463004237
0.46010224494332075,0.43367597460746765,0.428470580559224
0.4667703934207602,0.1010860875248909,0.4276105373166503
0.4734385418981996,0.5865642428398132,0.4555485924705864
0.4801066903756391,0.04907548055052757,0.39456695504486566
0.4867748388530785,0.24031604826450348,0.40072377137839804
0.49344298733051795,0.05797320976853371,0.37829467784613374
0.5001111358079573,0.20153607428073883,0.38081253822892913
0.5067792842853968,0.14966753125190735,0.35597020294517284
0.5134474327628362,0.03385923057794571,0.3440635764971376
0.5201155812402757,0.08615107834339142,0.29979025442153223
0.526783729717715,0.13008876144886017,0.28236113283783204
0.5334518781951545,0.13462592661380768,0.25767198074609043
0.540120026672594,0.9795451164245605,0.2890733601525426
0.5467881751500334,0.04558456689119339,0.27939129453152417
0.5534563236274728,0.5247008800506592,0.3001527516171337
0.5601244721049122,0.1946561336517334,0.3075255826115609
0.5667926205823517,0.07472743093967438,0.2955003865063191
0.573460769059791,0.08362770825624466,0.2970247581601143
0.5801289175372305,0.18602678179740906,0.26344282627105714
0.58679706601467,0.36039596796035767,0.23269421160221104
0.5934652144921094,0.6884419322013855,0.24543250948190692
0.6001333629695488,0.12089791148900986,0.24642310068011286
0.6068015114469882,0.3889514207839966,0.236542459577322
0.6134696599244277,0.019169896841049194,0.2350471803918481
0.6201378084018672,0.21493861079216003,0.23377830851823092
0.6268059568793065,0.5261842012405396,0.25718885809183123
0.633474105356746,0.23171764612197876,0.2586979366838932
0.6401422538341854,0.11870819330215454,0.2571499697864056
0.6468104023116248,0.10431933403015137,0.26067297495901587
0.6534785507890642,0.4255030155181885,0.27764057181775575
0.6601466992665037,0.6159522533416748,0.30193374641239645
0.6668148477439432,0.20897400379180908,0.3056511502712965
0.6734829962213825,0.17812909185886383,0.26558034904301164
0.680151144698822,0.042889200150966644,0.26544558070600033
0.6868192931762614,0.6060301065444946,0.2695120420306921
0.6934874416537009,1.7609754800796509,0.34782800935208796
0.7001555901311403,0.7614222168922424,0.3821627486497164
0.7068237386085797,0.602751612663269,0.40811894387006764
0.7134918870860192,0.5982480645179749,0.4287300080060959
0.7201600355634585,0.029963089153170586,0.4122083640657366
0.726828184040898,0.6053369641304016,0.4080531156621874
0.7334963325183375,0.06513884663581848,0.40526516241952776
0.7401644809957769,0.08776624500751495,0.39020590363070373
0.7468326294732163,0.05818072333931923,0.3921564449556172
0.7535007779506557,0.1091323047876358,0.38686612965539097
0.7601689264280952,0.14273065328598022,0.36769345225766303
0.7668370749055347,0.12563221156597137,0.36238918052986274
0.773505223382974,0.04676554724574089,0.358792048227042
0.7801733718604135,1.344372034072876,0.42079468322917823
0.7868415203378529,0.04450933635234833,0.4017449992708862
0.7935096688152923,0.11801405996084213,0.37684808960184457
0.8001778172927317,0.030836140736937523,0.367941196449101
0.8068459657701712,0.6252174377441406,0.39029561374336486
0.8135141142476107,0.27953293919563293,0.4021278006955981
0.82018226272505,0.1710275113582611,0.38037767093628644
0.8268504112024895,0.14303885400295258,0.29948083963245153
0.8335185596799289,0.18311601877212524,0.27056552972644565
0.8401867081573684,0.08081354200839996,0.24446862619370224
0.8468548566348078,0.12848639488220215,0.2209805427119136
0.8535230051122472,0.8178509473800659,0.26037493562325836
0.8601911535896867,0.5197464227676392,0.25609540855512025
0.866859302067126,0.6639953851699829,0.2860382354818285
0.8735274505445655,0.21471330523490906,0.2923855884931982
0.880195599022005,0.1772390902042389,0.29833850683644414
0.8868637474994444,0.5127102136611938,0.3185174022801221
0.8935318959768838,0.0430423803627491,0.3135329886339605
0.9002000444543232,0.0530204176902771,0.3099023989401758
0.9068681929317627,0.34065163135528564,0.32459670314565303
0.9135363414092021,0.18929795920848846,0.26684299940243367
0.9202044898866415,0.03483666852116585,0.2663593660108745
0.926872638364081,1.4319839477539062,0.3320578604005277
0.9335407868415204,0.09452956169843674,0.33524253144860267
0.9402089353189598,0.04744669422507286,0.3063539942726493
0.9468770837963992,0.3658519387245178,0.3106699442490935
0.9535452322738387,0.3480849862098694,0.31952281799167387
0.9602133807512782,0.05036618560552597,0.3148891845718026
0.9668815292287175,2.1076912879943848,0.41111794803291557
0.973549677706157,0.23234406113624573,0.41869447398930787
0.9802178261835964,0.4353638291358948,0.43403834570199257
0.9868859746610359,0.13145039975643158,0.3997183183208109
0.9935541231384752,0.1914917677640915,0.3833055855706335
1.0002222716159146,0.4756137430667877,0.3738865034654737
1.0068904200933542,0.30922311544418335,0.37861199397593737
1.0135585685707935,2.4396698474884033,0.4917335318401456
1.020226717048233,0.03915455937385559,0.4680557491257787
1.0268948655256724,0.2873852849006653,0.4802728943526745
1.0335630140031118,0.1973601132631302,0.48748987913131714
1.0402311624805514,0.5960818529129028,0.5002613902091979
1.0468993109579907,0.05986180528998375,0.49378958251327276
1.05356745943543,0.7212123870849609,0.5281083684414626
1.0602356079128696,0.7066404819488525,0.4918411951512099
1.066903756390309,0.0025618034414947033,0.4872428072383627
1.0735719048677483,0.16815170645713806,0.493278057849966
1.080240053345188,0.06185778230428696,0.47807835002895444
1.0869082018226273,0.4538635015487671,0.4833672757958993
1.0935763503000668,1.2355321645736694,0.5426255747443065
1.1002444987775062,0.057996805757284164,0.44014085063245145
1.1069126472549455,0.7593968510627747,0.46649349012877794
1.113580795732385,0.21461419761180878,0.4554560085525737
1.1202489442098245,0.057872410863637924,0.45177710910793395
1.1269170926872638,0.2633204758167267,0.45536854451056563
1.1335852411647034,0.055769555270671844,0.43437633512075985
1.1402533896421427,0.01680278591811657,0.41975531864445653
1.146921538119582,0.024250950664281845,0.2989843738032505
1.1535896865970217,0.015931865200400352,0.29782323909457775
1.160257835074461,0.3996945023536682,0.30343869996722783
1.1669259835519006,0.010079466737806797,0.2940746676409617
1.17359413202934,0.24918174743652344,0.27672966236714275
1.1802622805067793,0.5266180038452148,0.30006747229490427
1.1869304289842189,0.24159976840019226,0.27608684136066586
1.1935985774616582,0.10511694848537445,0.24601066468749194
1.2002667259390976,0.36135122179985046,0.2639501356054098
1.2069348744165371,0.09962055087089539,0.2605235778260977
1.2136030228939765,0.015450779348611832,0.25820322767831383
1.2202711713714158,0.09175741672515869,0.24009792343713346
1.2269393198488554,0.04752678424119949,0.18069765442050997
1.2336074683262948,0.1769319623708725,0.18664441225118938
1.2402756168037343,0.019342679530382156,0.14964170367456975
1.2469437652811737,0.07499268651008606,0.14266062811948357
1.253611913758613,0.4044438302516937,0.1599891990888864
1.2602800622360526,0.09692595899105072,0.1516694732476026
1.266948210713492,0.02899066172540188,0.1503305285703391
1.2736163591909313,0.10168685019016266,0.1545747317839414
1.2802845076683709,0.16982196271419525,0.16185328238643706
1.2869526561458102,0.5009188055992126,0.18610262940637765
1.2936208046232496,0.06039103865623474,0.16913745622150597
1.3002889531006891,0.6980384588241577,0.20353540582582352
1.3069571015781285,0.6967777013778687,0.2259152035228908
1.313625250055568,0.4199731647968292,0.22058296157047153
1.3202933985330074,0.07029286026954651,0.21201761616393922
1.3269615470104468,0.2878975570201874,0.22115664659067988
1.3336296954878863,0.03666795417666435,0.20492248320952058
1.3402978439653257,0.9306999444961548,0.24647645289078357
1.346965992442765,0.8452030420303345,0.28796406602486974
1.3536341409202046,0.09588745981454849,0.2881705681793392
1.360302289397644,0.3769060969352722,0.30463953381404285
1.3669704378750833,0.07882751524448395,0.2997343114577234
1.373638586352523,0.20256079733371735,0.30889521734789016
1.3803067348299622,0.2788904309272766,0.3190901045687497
1.3869748833074018,1.8818409442901611,0.39295996027067304
1.3936430317848412,0.02808873914182186,0.3895180992782116
1.4003111802622805,0.057551272213459015,0.3909461298026144
1.40697932873972,0.055692896246910095,0.38864643210545186
1.4136474772171594,0.4173628091812134,0.40102347442880276
1.4203156256945988,0.19860951602458954,0.3859080099500716
1.4269837741720384,2.6373772621154785,0.5147573211230337
1.4336519226494777,0.969227135181427,0.5283167549408972
1.440320071126917,0.11462604999542236,0.4992091723717749
1.4469882196043566,0.09908463060855865,0.4831647456623614
1.453656368081796,0.3434925079345703,0.4968247280456127
1.4603245165592356,0.24317584931850433,0.49458864266052854
1.466992665036675,0.049757860600948334,0.49524313798174274
1.4736608135141143,0.3276132345199585,0.4650888024829329
1.4803289619915538,0.2956347167491913,0.4376103862188757
1.4869971104689932,0.10658255964517593,0.4381451412104071
1.4936652589464325,0.0665900707244873,0.4226293398998678
1.5003334074238721,0.20040476322174072,0.42870820229873063
1.5070015559013115,0.6423922777175903,0.45069977631792435
1.5136697043787508,0.7758418917655945,0.4755473493598402
1.5203378528561904,0.3708898723125458,0.39999979576095934
1.5270060013336297,1.9595260620117188,0.49657166190445423
1.5336741498110693,0.4145429730415344,0.514421246945858
1.5403422982885087,0.065089650452137,0.5148910846561193
1.547010446765948,0.1665397435426712,0.5023499313741921
1.5536785952433876,0.1682717353105545,0.5008330423384905
1.560346743720827,0.08118674904108047,0.3730235166847706
1.5670148921982663,0.03412563353776932,0.3262684416025877
1.5736830406757059,0.019163817167282104,0.3214953299611807
1.5803511891531452,0.08727476745843887,0.32090483680367465
1.5870193376305846,0.6904479265213013,0.3382526077330113
1.5936874861080241,0.06831609457731247,0.3295096199959517
1.6003556345854635,0.07726407051086426,0.3308849304914474
1.607023783062903,0.24936021864414215,0.3269722796976567
1.6136919315403424,0.03380410373210907,0.3138807490468025
1.6203600800177818,0.11139471083879471,0.3141213566064835
1.6270282284952213,1.295482873916626,0.3755659967660904
1.6336963769726607,0.09511664509773254,0.37030159085988995
1.6403645254501,0.014558162540197372,0.3389098851010203
1.6470326739275396,0.7167292237281799,0.3359542516991496
1.653700822404979,0.013050348497927189,0.31806227550841865
1.6603689708824183,0.915237307548523,0.26584783778525894
1.6670371193598579,0.24582692980766296,0.25741203562356535
1.6737052678372972,0.4194916784763336,0.2751321370247752
1.6803734163147368,0.8146259784698486,0.30753644877113406
1.6870415647921762,0.06961861252784729,0.30260379263199866
1.6937097132696155,0.4755353629589081,0.32232122332789004
1.700377861747055,0.3026438355445862,0.33574713342823087
1.7070460102244944,0.4582820534706116,0.35770304524339736
1.7137141587019338,0.1923750787973404,0.3629580608103424
1.7203823071793733,0.15122397243976593,0.33599686310626564
1.7270504556568127,0.40854114294052124,0.35300811552442607
1.733718604134252,0.7791918516159058,0.3881045045796782
1.7403867526116916,1.191650390625,0.43521901317872114
1.747054901089131,0.018326783552765846,0.4344451471697539
1.7537230495665705,0.03026692010462284,0.4303887576330453
1.76039119804401,0.9227293133735657,0.41175107960589225
1.7670593465214492,0.13890555500984192,0.41394052510149776
1.7737274949988888,0.09755900502204895,0.4180905672255903
1.7803956434763282,0.04722048342227936,0.3846151302102953
1.7870637919537675,2.1732921600341797,0.49262722078710797
1.793731940431207,0.948332667350769,0.4942819887772203
1.8004000889086464,0.02430558390915394,0.4832059214822948
1.8070682373860858,0.11613035202026367,0.4680378551594913
1.8137363858635254,0.14697661995887756,0.4346553872339428
1.8204045343409647,0.09416484832763672,0.4358826990239323
1.8270726828184043,0.20506206154823303,0.4223590339533985
1.8337408312958436,0.02495441399514675,0.40847456287592654
1.840408979773283,0.3437712788581848,0.40274902414530517
1.8470771282507226,0.03312958404421806,0.3947867494076491
1.853745276728162,0.32679325342178345,0.40356521345674995
1.8604134252056013,0.0540824830532074,0.3858422804623842
1.8670815736830408,0.0216396301984787,0.3479646693915129
1.8737497221604802,2.155768394470215,0.3961705695837736
1.8804178706379195,0.11489550769329071,0.40099900579079983
1.8870860191153591,0.03812741860747337,0.4013920307159425
1.8937541675927985,0.1346355378627777,0.361987341940403
1.900422316070238,0.03766518458724022,0.3569253234192729
1.9070904645476774,0.20698228478431702,0.36239648740738634
1.9137586130251167,0.03434844687581062,0.36175288558006286
1.9204267615025563,0.027811964973807335,0.25447887582704426
1.9270949099799957,0.39559316635131836,0.22684190077707175
1.933763058457435,0.10304112732410431,0.23077867794781926
1.9404312069348746,0.017105981707572937,0.2258274594321847
1.947099355412314,1.5380263328552246,0.29537994507700205
1.9537675038897533,0.3078558146953583,0.30606449339538816
1.9604356523671929,0.1130068451166153,0.30146173257380726
1.9671038008446322,0.02582128718495369,0.3015050762332976
1.9737719493220718,0.03851301223039627,0.2862421629019082
1.9804400977995111,0.26481062173843384,0.297826214786619
1.9871082462769505,0.07256541401147842,0.28511482281610373
1.99377639475439,2.728987693786621,0.41886008335277447
2.000444543231829,0.2541787922382355,0.43048704145476224
2.0071126917092688,0.07945024967193604,0.32667113421484834
2.0137808401867083,0.07322698086500168,0.3245877078734339
2.020448988664148,0.08749614655971527,0.327056144271046
2.027117137141587,0.6767703294754028,0.3541628838516772
2.0337852856190266,0.07143514603376389,0.3558513819240034
2.040453434096466,0.34835875034332275,0.3629202052019537
2.0471215825739053,0.5548195838928223,0.3889437620528043
2.053789731051345,0.13721762597560883,0.39441404510289435
2.0604578795287845,0.16097503900527954,0.38268313873559245
2.0671260280062236,0.024996135383844376,0.37878088913857944
2.073794176483663,0.6994428038597107,0.4128977302461863
2.0804623249611027,0.09401611983776093,0.3406972195953131
2.087130473438542,0.08703599870204926,0.3296562287956477
2.0937986219159814,0.6637830138206482,0.35719503723084933
2.100466770393421,0.47487398982048035,0.37964767236262564
2.10713491887086,0.18488730490207672,0.38696638699620967
2.1138030673482997,0.7170844078063965,0.4095800762996078
2.1204712158257393,0.005762139335274696,0.4062399125657976
2.1271393643031784,0.026059532538056374,0.27109350450336933
2.133807512780618,0.007053809240460396,0.2587372553534806
2.1404756612580575,0.7330848574638367,0.2914189857430757
2.1471438097354967,0.08771964907646179,0.29214361915364867
2.1538119582129363,0.12350792437791824,0.2939442080445588
2.160480106690376,0.6544858813285828,0.29282998563721774
2.1671482551678154,0.20119574666023254,0.29931801566854116
2.1738164036452545,0.20721685886383057,0.29226092109456653
2.180484552122694,0.03464900702238083,0.26625239225104447
2.1871527006001337,0.053231630474328995,0.26205309247598046
2.193820849077573,0.09512137621641159,0.2587604093365371
2.2004889975550124,0.7190740704536438,0.29346430609002705
2.207157146032452,0.04824022948741913,0.2609041773714126
2.213825294509891,0.024024643003940582,0.2574046035297215
2.2204934429873306,3.470620632171631,0.42658383520320065
2.22716159146477,0.1518344134092331,0.40098640518262985
2.2338297399422093,0.19720841944217682,0.3871031266637146
2.240497888419649,0.18093539774417877,0.3869055313058198
2.2471660368970885,0.018152590841054916,0.35195894045755266
2.2538341853745276,0.010106448084115982,0.35217615589499474
2.260502333851967,0.14580078423023224,0.35816321847960353
2.2671704823294068,1.3655431270599365,0.4260876843705773
2.273838630806846,1.1106611490249634,0.4449664989486337
2.2805067792842855,0.1921309232711792,0.4501870626583695
2.287174927761725,0.4083558917045593,0.4644294610247016
2.293843076239164,0.08761249482631683,0.4360857916995883
2.3005112247166037,0.03059694543480873,0.4275558516383171
2.3071793731940433,1.2543467283248901,0.4799123451113701
2.313847521671483,0.3890470564365387,0.497632247582078
2.320515670148922,0.017712807282805443,0.4958563064225019
2.3271838186263616,0.1749306321144104,0.49984676921740184
2.333851967103801,0.02903212234377861,0.46534467181190853
2.3405201155812403,0.033387117087841034,0.4646020161919296
2.34718826405868,0.18189172446727753,0.47249537026509647
2.3538564125361194,0.09961020201444626,0.30394484875723726
2.3605245610135586,0.0933263897895813,0.3010194475762546
2.367192709490998,0.3447161912918091,0.30839483616873625
2.3738608579684377,0.3132724165916443,0.3150116871111095
2.380529006445877,0.051509030163288116,0.31667950907722114
2.3871971549233164,0.6634321212768555,0.3493457927368582
2.393865303400756,0.2978329658508301,0.3569474018178881
2.400533451878195,1.2019644975662231,0.3487684703432024
2.4072016003556347,0.22809281945228577,0.3046400538645685
2.4138697488330743,0.19080880284309387,0.30457394784316427
2.4205378973105134,0.11423464119434357,0.2898678853176535
2.427206045787953,0.2930656969547272,0.300140545424074
2.4338741942653925,0.023686151951551437,0.29979500574991114
2.4405423427428317,0.15817442536354065,0.24498639060184363
2.4472104912202712,0.08401082456111908,0.22973457900807268
2.453878639697711,0.2281629741191864,0.2402570873498917
2.4605467881751504,0.027510005980730057,0.2328860560432077
2.4672149366525895,0.22599400579929352,0.24273415021598346
2.473883085130029,0.007546727545559406,0.24144213073886933
2.4805512336074687,0.22936226427555084,0.24381565772928301
2.487219382084908,0.02936495840549469,0.24030339554883542
2.4938875305623474,0.11064396798610687,0.2411692744586617
2.500555679039787,0.882117748260498,0.2680393523070962
2.507223827517226,0.29976922273635864,0.26736419261433186
2.5138919759946656,0.35982319712638855,0.28277990096248695
2.520560124472105,0.32548660039901733,0.265882624918595
2.5272282729495443,0.10463196039199829,0.2562225746456534
2.533896421426984,0.09425203502178192,0.20083695151843134
2.5405645699044235,0.040821291506290436,0.19147337512113155
2.5472327183818626,0.3839492201805115,0.20113039598800245
2.553900866859302,0.41609105467796326,0.21622321666218344
2.5605690153367417,0.24897664785385132,0.21401876420713967
2.567237163814181,0.09713546931743622,0.21769123007543387
2.5739053122916205,0.15217803418636322,0.217391410516575
2.58057346076906,0.028317563235759735,0.21460674745030703
2.587241609246499,0.6629149913787842,0.2363443483132869
2.5939097577239387,0.03126600384712219,0.2365321482066065
2.6005779062013783,0.1638893485069275,0.2334269153419882
2.607246054678818,0.1465132236480713,0.24037524014711384
2.613914203156257,0.30571791529655457,0.24419302269816404
2.6205823516336966,0.08073058724403381,0.24676130414009098
2.627250500111136,0.046248909085989,0.24354155119508508
2.6339186485885753,2.9674601554870605,0.34780867155641315
2.640586797066015,0.7422071695327759,0.36993056889623405
2.6472549455434544,0.030695024877786636,0.35347416028380396
2.6539230940208935,0.022810999304056168,0.33834038022905594
2.660591242498333,0.46045351028442383,0.3561314577236772
2.6672593909757727,0.22073903679847717,0.36245580781251197
2.673927539453212,0.09852537512779236,0.36534101199358704
2.6805956879306514,0.5330665111541748,0.3727968765422702
2.687263836408091,0.018831927329301834,0.3529339201748371
2.69393198488553,0.03903767094016075,0.3424369713291526
2.7006001333629697,0.8634017109870911,0.3807502834126353
2.7072682818404092,0.05934753268957138,0.37610875833779567
2.7139364303178484,0.32632628083229065,0.3910091942176223
2.720604578795288,0.07117684185504913,0.36142228674143556
2.7272727272727275,0.7714216709136963,0.3984300700947643
2.7339408757501666,0.38871365785598755,0.4096712855622173
2.740609024227606,0.04508296400308609,0.4045997725799681
2.747277172705046,0.029320646077394485,0.39077990911901006
2.7539453211824854,0.045694950968027115,0.3890281273052097
2.7606134696599245,0.021205246448516846,0.38777594417333605
2.767281618137364,0.17895179986953735,0.24835052639245986
2.7739497666148036,0.34921571612358093,0.22870095372200014
2.7806179150922428,0.056432127952575684,0.22998780887573958
2.7872860635696823,0.6372702717781067,0.26071077249944213
2.793954212047122,0.16325795650482178,0.24585099481046202
2.800622360524561,1.4903751611709595,0.3093328010290861
2.8072905090020006,0.12328922003507614,0.3105709932744503
2.81395865747944,0.5450201034545898,0.3111686728894711
2.8206268059568793,0.11802408844232559,0.31612828094512224
2.827294954434319,0.10592261701822281,0.3194725282490254
2.8339631029117585,0.11758407950401306,0.28218164667487144
2.8406312513891976,0.31590840220451355,0.29500969015061856
2.847299399866637,0.05293535441160202,0.2813401438295841
2.8539675483440767,0.041493192315101624,0.2798559613525868
2.860635696821516,0.32576704025268555,0.25757322981953623
2.8673038452989554,0.03768017515540123,0.2400215556845069
2.873971993776395,0.027164222672581673,0.23912561861798168
2.880640142253834,0.10737459361553192,0.24302831599488856
2.8873082907312737,0.014503353275358677,0.24146873611025513
2.8939764392087133,0.022641640156507492,0.24154055579565464
2.900644587686153,0.03809124603867531,0.23449752810411154
2.907312736163592,0.35607045888900757,0.23484026524238288
2.9139808846410316,0.8357605934143066,0.2738066885154694
2.920649033118471,0.22866792976856232,0.25337657141499215
2.9273171815959103,0.09955491870641708,0.25019141952507196
2.93398533007335,0.026468070223927498,0.17699606497772039
2.9406534785507894,0.9565001130104065,0.21865660962648692
2.9473216270282285,0.08875008672475815,0.19584310878999533
2.953989775505668,0.14027628302574158,0.19695571851916613
2.9606579239831077,0.17116405069828033,0.20021779020316902
2.967326072460547,0.5004121661186218,0.21935919453389943
2.9739942209379864,0.8744875192642212,0.24728815038688484
2.980662369415426,0.29649439454078674,0.25946610239334406
2.987330517892865,0.02437719702720642,0.25861030262894935
2.9939986663703047,0.22633378207683563,0.2536386397201568
3.0006668148477442,0.29327329993247986,0.26641829595901073
3.0073349633251834,0.047464627772569656,0.2674333162140101
3.014003111802623,1.0916365385055542,0.3166464134585113
3.0206712602800625,0.025441845878958702,0.31719333808869127
3.0273394087575016,0.02173311449587345,0.3171479118056596
3.034007557234941,0.11651638895273209,0.3210691689513624
3.0406757057123808,0.03518098592758179,0.30502469530329107
3.0473438541898203,0.016224540770053864,0.2640478926710784
3.0540120026672595,1.5888340473175049,0.33205619854852564
3.060680151144699,0.15519508719444275,0.33483820697292693
3.0673482996221386,0.12179380655288696,0.33960449378937485
3.0740164480995777,0.026060786098241806,0.29308252744376667
3.0806845965770173,0.005021282471716404,0.28889608723111454
3.087352745054457,0.15331599116325378,0.28954807263799015
3.094020893531896,0.14933200180530548,0.2884564701933415
3.1006890420093356,0.25686851143836975,0.27627928745932884
3.107357190486775,0.058342237025499344,0.23547202334739267
3.1140253389642143,0.12379319965839386,0.22683696360327305
3.120693487441654,0.16284850239753723,0.23376052887178958
3.1273616359190934,0.09208157658576965,0.2270479185972363
3.1340297843965326,0.049982838332653046,0.21488339551724497
3.140697932873972,0.2849980592727661,0.2267600670922548
3.1473660813514117,0.05866163969039917,0.17511132215149702
3.154034229828851,0.11748413741588593,0.1797134367283434
3.1607023783062904,0.008696787059307098,0.17906162035651507
3.16737052678373,1.2326925992965698,0.23487043087370693
3.174038675261169,0.2795891761779785,0.24709084038622675
3.1807068237386087,0.28500232100486755,0.2605297293979674
3.1873749722160483,0.1104007214307785,0.18660806310363112
3.194043120693488,0.08310355991125107,0.18300348673947153
3.200711269170927,0.12995511293411255,0.1834115520585328
3.2073794176483665,0.01908036135137081,0.18306253082118926
3.214047566125806,0.1154157742857933,0.1885822554118931
3.2207157146032452,0.8728391528129578,0.22455841349437833
3.227383863080685,0.03334341198205948,0.21875898400321603
3.2340520115581244,0.20385600626468658,0.21610835874453188
3.2407201600355635,0.938053548336029,0.2600939243100584
3.247388308513003,0.3537854552268982,0.27159353708848355
3.2540564569904427,1.7686424255371094,0.35188323324546217
3.260724605467882,0.024067813530564308,0.3484825450927019
3.2673927539453214,0.3286002576351166,0.36241341605782507
3.274060902422761,0.09331022948026657,0.3528290245682001
3.2807290509002,0.07732702791690826,0.3537622939795256
3.2873971993776396,0.1754438728094101,0.3566602807492018
3.294065347855079,0.1529848724603653,0.3638746850192547
3.3007334963325183,1.1241885423660278,0.3584494821727276
3.307401644809958,0.04274579882621765,0.3466073133051396
3.3140697932873975,1.2970842123031616,0.39721140787005427
3.3207379417648366,0.20889754593372345,0.4021362490952016
3.327406090242276,0.18277789652347565,0.4071199659258128
3.3340742387197158,1.9276657104492188,0.4970054958015681
3.3407423871971553,0.04631150886416435,0.49836705317720775
3.3474105356745945,0.09166552126407623,0.4971795405261219
3.354078684152034,0.1334896981716156,0.46021206779405477
3.3607468326294736,0.04220658540725708,0.46065522646531465
3.3674149811069127,0.09396880120038986,0.4551608662120999
3.3740831295843523,0.10435077548027039,0.413475727569312
3.380751278061792,0.7320380806922913,0.4323883588425816
3.387419426539231,0.03553706035017967,0.34573309058323504
3.3940875750166706,0.05955267697572708,0.3475073337554932
3.40075572349411,0.04458208009600639,0.3333064248785377
3.4074238719715493,0.6474869251251221,0.36101525966078046
3.414092020448989,0.10264042764902115,0.3622809296473861
3.4207601689264284,0.010673877783119678,0.3540424298960716
3.4274283174038676,0.17378316819667816,0.35508234468288724
3.434096465881307,0.05273710563778877,0.30150977284647523
3.4407646143587467,0.007678352762013674,0.299756400543265
3.447432762836186,0.056193023920059204,0.23771184112410995
3.4541009113136254,0.3680172264575958,0.24566782515030358
3.460769059791065,0.261692076921463,0.24961353417020296
3.467437208268504,0.009734323248267174,0.15371696481015534
3.4741053567459437,0.20752234756946564,0.1617775067454204
3.4807735052233832,0.14287470281124115,0.16433796582277863
3.4874416537008224,3.092440366744995,0.3122854992514476
3.494109802178262,0.1103302463889122,0.31569168230053035
3.5007779506557015,0.03367646038532257,0.312677065259777
3.507446099133141,0.9212060570716858,0.35351982933934784
3.51411424761058,4.518137454986572,0.5428247980540619
3.52078239608802,0.014635956846177578,0.5417797428788618
3.5274505445654594,0.01144563127309084,0.5393743905937299
3.5341186930428985,0.32161247730255127,0.5532259104540571
3.540786841520338,0.16283980011940002,0.5289935542037711
3.5474549899977776,0.9228071570396423,0.5700018906733021
3.5541231384752168,0.07493938505649567,0.573215166036971
3.5607912869526563,0.06712410598993301,0.5678822129266338
3.567459435430096,0.15759631991386414,0.5731251736404375
3.574127583907535,0.06935661286115646,0.5762090866453945
3.5807957323849746,0.2116173803806305,0.5839803044684232
3.587463880862414,0.49863141775131226,0.5905110140331089
3.5941320293398533,0.9685729146003723,0.6258550559170544
3.600800177817293,0.018112171441316605,0.6262739483267068
3.6074683262947325,0.1866416335105896,0.6252299126237629
3.6141364747721716,1.4470692873001099,0.6904396418482064
3.620804623249611,0.06551694869995117,0.5390934709459543
3.6274727717270507,1.4528412818908691,0.6062190227210521
3.63414092020449,0.883694052696228,0.6487199023365975
3.6408090686819294,0.0572391040623188,0.6055215546861291
3.647477217159369,0.031503330916166306,0.38118984848260873
3.6541453656368086,0.16279236972332,0.38859766912646587
3.6608135141142477,0.03508921340107918,0.3897798482328653
3.6674816625916873,0.05359433963894844,0.3763789413496852
3.674149811069127,0.025949284434318542,0.36953441556543115
3.680817959546566,0.04792153835296631,0.32579013463109735
3.6874861080240056,0.8986491560935974,0.3669756231829524
3.694154256501445,0.019411319866776466,0.3645899838767946
3.7008224049788843,0.08186893165111542,0.36080361446365716
3.707490553456324,1.1423691511154175,0.4144542413763702
3.7141587019337634,0.5116933584213257,0.429458040278405
3.7208268504112025,0.008823061361908913,0.4049676224589348
3.727494998888642,0.3251408636569977,0.37279601991176603
3.7341631473660817,0.08851762115955353,0.3763162923976779
3.740831295843521,0.1546231508255005,0.37471536826342344
3.7474994443209604,0.18695786595344543,0.31170979719609027
3.7541675927984,1.1461083889007568,0.36573936920613054
3.760835741275839,0.12638132274150848,0.2994163712486625
3.7675038897532787,0.3520062565803528,0.2728319814428687
3.7741720382307182,0.04672204330563545,0.27230612840503454
3.7808401867081574,0.14450271427631378,0.27795609757304196
3.787508335185597,0.009408919140696526,0.2702869250439107
3.7941764836630365,0.5321080088615417,0.2951378648169339
3.800844632140476,0.028881583362817764,0.2939022270031273
3.807512780617915,0.5883381366729736,0.32202166961506
3.8141809290953548,1.289086103439331,0.38407989786937824
3.8208490775727944,0.023203501477837563,0.3403076151385903
3.8275172260502335,0.6502039432525635,0.37184724630787963
3.834185374527673,0.20723921060562134,0.37811576025560495
3.8408535230051126,0.12458130717277527,0.3272263680584728
3.8475216714825518,0.03820827975869179,0.3035521141253411
3.8541898199599913,0.2481873631477356,0.31552032921463247
3.860857968437431,0.30653852224349976,0.31459021214395766
3.86752611691487,0.27995994687080383,0.32416232842952014
3.8741942653923096,0.10569807142019272,0.32171607445925476
3.880862413869749,0.03813280165195465,0.31427482124418016
3.8875305623471883,0.06976627558469772,0.2604577155783772
3.894198710824628,0.2477731853723526,0.2665273087099195
3.9008668593020674,0.6683968901634216,0.2823468403890729
3.9075350077795066,0.45163512229919434,0.30259249433875085
3.914203156256946,0.009442306123673916,0.29583947393111887
3.9208713047343857,0.44244644045829773,0.3174913499969989
3.927539453211825,0.8056737184524536,0.33116963547654454
3.9342076016892644,0.3883312940597534,0.3491421210113913
3.940875750166704,0.011831684038043022,0.3203167983796447
3.9475438986441436,0.05564376711845398,0.25864468156360093
3.9542120471215827,1.1797893047332764,0.31647397172637287
3.9608801955990223,0.23484909534454346,0.29570622933097185
3.967548344076462,0.24312709271907806,0.2975006234366447
3.974216492553901,0.22254544496536255,0.30239883032627407
3.9808846410313405,0.014169611036777496,0.30119689689017837
3.98755278950878,0.6909200549125671,0.3233335314784199
3.9942209379862192,0.03672739490866661,0.3098429751116783
4.000889086463658,0.13066117465496063,0.30237803650088607
4.007557234941098,0.38379693031311035,0.31628297944553196
4.0142253834185375,0.05254600942134857,0.31700363983400165
4.020893531895977,0.06077050045132637,0.3165538510773331
4.027561680373417,0.4106786549091339,0.32469912455417216
4.034229828850856,0.2442781925201416,0.3034931896720081
4.040897977328296,0.3318881094455719,0.2975058390293271
4.0475661258057345,0.09842618554830551,0.30195503300055865
4.054234274283174,0.2683950960636139,0.2932524657808245
4.060902422760614,0.0728362649679184,0.2566105931065977
4.067570571238053,0.09681553393602371,0.24203480510041117
4.074238719715493,0.16052572429180145,0.2494695071130991
4.080906868192932,0.2152656614780426,0.25745060183107854
4.087575016670371,0.011184467934072018,0.1990203599911183
4.094243165147811,0.6763975024223328,0.2210977803450078
4.10091131362525,0.09329308569431305,0.21360607999376954
4.10757946210269,0.3131662905216217,0.2181371222715825
4.114247610580129,0.010535120964050293,0.21795539776794615
4.120915759057569,0.02376720681786537,0.18459775536321102
4.127583907535008,0.048622362315654755,0.18519250373356042
4.134252056012447,0.026968421414494514,0.1800078660715371
4.140920204489887,0.34052467346191406,0.17784425322897726
4.147588352967326,0.25310254096984863,0.18787207980640228
4.154256501444766,0.0830700695514679,0.18898705826140938
4.1609246499222055,0.007134007290005684,0.16880982588045296
4.167592798399645,0.018579727038741112,0.15752490260638294
4.174260946877084,1.3462655544281006,0.20824377485550943
4.180929095354523,0.3453735411167145,0.22059114263392987
4.187597243831963,0.03692737594246864,0.20901775662787261
4.194265392309402,0.045134808868169785,0.20763268382288516
4.200933540786842,0.3593265116214752,0.22075823270715772
4.207601689264282,0.35193586349487305,0.23032873966731132
4.21426983774172,0.45653414726257324,0.24239216395653784
4.22093798621916,1.591634750366211,0.3214146780781448
4.227606134696599,0.1458020657300949,0.2948849062435329
4.234274283174039,0.11105700582265854,0.2957731022499502
4.2409424316514786,1.7487727403640747,0.3675534247420729
4.247610580128918,0.029388196766376495,0.36849607853218924
4.254278728606357,0.12779541313648224,0.37369748884812004
4.260946877083796,0.005819777026772499,0.3715573595836759
4.267615025561236,0.0481233149766922,0.3726151042617858
4.2742831740386755,0.009860115125775337,0.3560818763449788
4.280951322516115,0.07685762643814087,0.3472696306183934
4.287619470993555,0.6725830435752869,0.37674527931958435
4.294287619470993,0.47144266963005066,0.3999607124365866
4.300955767948433,0.13133178651332855,0.40559831541031605
4.3076239164258725,0.930501401424408,0.3848101077601314
4.314292064903312,0.09372704476118088,0.37222778294235476
4.320960213380752,2.2000083923339844,0.4803818337619305
4.327628361858191,0.3460565507411957,0.4954279208555818
4.334296510335631,0.01677734963595867,0.47830046275630594
4.3409646588130695,0.994881272315979,0.5104477331973613
4.347632807290509,0.1722354143857956,0.49623279655352237
4.354300955767949,0.08196945488452911,0.4207495317794383
4.360969104245388,0.3848690092563629,0.4327028789557517
4.367637252722828,0.05257650464773178,0.4297788538970054
4.374305401200267,0.19203928112983704,0.3519421809352935
4.380973549677706,0.12665092945098877,0.3568053175695241
4.387641698155146,0.24666889011859894,0.3627489914186299
4.394309846632585,0.03996441885828972,0.36445622351020573
4.400977995110025,0.16957563161849976,0.3705288393422961
4.407646143587464,0.06417592614889145,0.37324462989345186
4.414314292064904,0.16274021565914154,0.37753875935450193
4.420982440542343,0.04385166987776756,0.346102190669626
4.427650589019782,0.03092295117676258,0.3240762047469617
4.434318737497222,0.2272689938545227,0.3288730651140213
4.440986885974661,0.02702607400715351,0.28369929874315863
4.447655034452101,0.2967652678489685,0.293851209897548
4.45432318292954,0.07739149779081345,0.18772036517038942
4.46099133140698,0.5243669748306274,0.196635886374861
4.467659479884419,0.031534820795059204,0.19737375993281603
4.474327628361858,0.03673715144395828,0.14946655388921504
4.480995776839298,0.3936411142349243,0.16053683888167147
4.487663925316737,0.10754621028900146,0.16181567665189509
4.494332073794177,0.10876240581274033,0.1480103464797139
4.501000222271617,0.7727062106132507,0.18401683177798986
4.507668370749055,0.030593812465667725,0.17594455834478143
4.514336519226495,2.0991976261138916,0.2745718931779266
4.521004667703934,0.03761305287480354,0.2641191013157368
4.527672816181374,0.6354982852935791,0.29389579463750126
4.5343409646588135,0.02548765391111374,0.2866913957521319
4.541009113136253,0.14204028248786926,0.29058461356908083
4.547677261613692,0.13873694837093353,0.28938445020467046
4.554345410091131,0.05753879249095917,0.29006880633533005
4.561013558568571,0.8178059458732605,0.32941295607015497
4.5676817070460105,0.1685255765914917,0.3264757852070034
4.57434985552345,0.4515624940395355,0.3477026062086224
4.58101800400089,0.20655277371406555,0.3431919815018774
4.587686152478328,0.22365354001522064,0.35050508361309773
4.594354300955768,0.036028288304805756,0.3260881492868067
4.6010224494332075,0.14091449975967407,0.3315571332350374
4.607690597910647,0.007493484299629927,0.33009494987782095
4.614358746388087,0.07170675694942474,0.313998232013546
4.621026894865526,0.06895232945680618,0.3120685379719362
4.627695043342966,0.3326026201248169,0.32326054868754
4.6343631918204045,0.09477897733449936,0.28936418702360245
4.641031340297844,0.022420167922973633,0.28895550479646775
4.647699488775284,1.5561069250106812,0.2618009697413072
4.654367637252723,0.09027162194252014,0.26443389819469304
4.661035785730163,0.3391348123550415,0.24961572454776618
4.667703934207602,0.16206419467926025,0.25644455158617346
4.674372082685041,1.1889318227767944,0.30878912860061974
4.681040231162481,0.35818755626678467,0.3197616589954123
4.68770837963992,1.6481654644012451,0.3992929925909266
4.69437652811736,0.13552150130271912,0.3651787703623995
4.701044676594799,0.20629282295703888,0.3670671326806769
4.707712825072239,0.6500977873802185,0.37699389734771105
4.714380973549678,0.3312355875968933,0.3832280380418524
4.721049122027117,0.9108267426490784,0.4175866981735453
4.727717270504557,0.07794235646724701,0.41968240158166736
4.734385418981996,0.3416246175765991,0.4297179074725136
4.741053567459436,1.3615182638168335,0.49741914644837376
4.747721715936875,0.7247875928878784,0.5300731882452965
4.754389864414315,0.3875201642513275,0.5460015799850225
4.761058012891754,0.06707170605659485,0.5327250342816113
4.767726161369193,0.022432897239923477,0.5291077302768826
4.774394309846633,0.03287027031183243,0.5296302353963257
4.781062458324072,0.06395207345485687,0.45502249281853446
4.787730606801512,0.09921594709157944,0.45546970907598744
4.7943987552789515,0.3573443591594696,0.4563801864162088
4.80106690375639,0.08278937637805939,0.45241644550114873
4.80773505223383,1.384587287902832,0.4621992187574506
4.814403200711269,0.40164288878440857,0.4643719853833318
4.821071349188709,0.02300255000591278,0.38311383966356516
4.8277394976661485,0.013891602866351604,0.3770323447417468
4.834407646143588,0.38071030378341675,0.38575321878306573
4.841075794621027,0.4303932189941406,0.3747679903637618
4.847743943098466,0.08200953900814056,0.3623066879343242
4.854412091575906,0.16152046620845795,0.32484137411229314
4.8610802400533455,1.2067071199417114,0.38127961228601637
4.867748388530785,0.11160871386528015,0.3697788171004504
4.874416537008225,0.011724401265382767,0.3022891239728779
4.881084685485663,0.1366860568523407,0.272884047171101
4.887752833963103,0.027649343013763428,0.25489050610922276
4.8944209824405425,0.007332910783588886,0.2519035663455725
4.901089130917982,0.21540910005569458,0.26155237648636104
4.907757279395422,0.043056420981884,0.2620616840198636
4.914425427872861,0.4353140592575073,0.28062978330999616
4.921093576350301,0.2135634422302246,0.2863471580669284
4.927761724827739,0.12445786595344543,0.2747028334066272
4.934429873305179,0.33092620968818665,0.2871096750721336
4.941098021782619,0.08750458806753159,0.22225554008036855
4.947766170260058,0.09322528541088104,0.20683465991169217
4.954434318737498,0.4384627640247345,0.22760767061263326
4.961102467214937,0.03670462220907211,0.2287483215797693
4.967770615692376,0.14118735492229462,0.21677217413671318
4.974438764169816,0.20101970434188843,0.20530349840410053
4.981106912647255,0.2138393670320511,0.21189498980529609
4.987775061124695,0.18791334331035614,0.213214633660391
4.994443209602134,0.43025392293930054,0.17439197381027044
5.001111358079574,0.16036641597747803,0.17682985891588035
5.0077795065570125,0.053473107516765594,0.17891729422844949
5.014447655034452,0.07730680704116821,0.17594833173789082
5.021115803511892,0.011543070897459984,0.17514301813207567
5.027783951989331,0.8047900199890137,0.21501587359234692
5.034452100466771,0.04006949067115784,0.2062488931231201
5.04112024894421,0.18122118711471558,0.21315713142976167
5.04778839742165,0.05672789365053177,0.19422782314941286
5.054456545899089,0.5365985631942749,0.2103795791976154
5.061124694376528,0.2194374054670334,0.2151285561732948
5.067792842853968,0.2800123691558838,0.21258286414667965
5.074460991331407,0.388862669467926,0.22765076821669936
5.081129139808847,0.00812934897840023,0.2233959713950753
5.0877972882862865,0.03665916249155998,0.20330579131841658
5.094465436763725,0.8137437105178833,0.24215774573385718
5.101133585241165,0.006666323635727167,0.2354316941695288
5.107801733718604,0.40668177604675293,0.24571479775477206
5.114469882196044,0.06654398888349533,0.23835002884734424
5.1211380306734835,0.20725750923156738,0.23931723714340478
5.127806179150923,0.026917677372694016,0.21915042486507447
5.134474327628362,0.006766573525965214,0.21147043274249885
5.141142476105801,0.8022770285606384,0.2489106287946925
5.147810624583241,0.018201252445578575,0.245955351064913
5.1544787730606805,0.03593144565820694,0.24717476980295036
5.16114692153812,1.5269620418548584,0.2832833708962426
5.16781507001556,0.06857029348611832,0.2847084110369906
5.174483218492998,0.17621031403541565,0.28445786738302564
5.181151366970438,0.053287189453840256,0.28428583217319103
5.1878195154478774,0.557436466217041,0.28532772732432926
5.194487663925317,0.08748171478509903,0.27872994279023255
5.201155812402757,0.06682169437408447,0.2680704090511426
5.207823960880196,0.49058791995048523,0.2731566715752706
5.214492109357636,0.35816800594329834,0.29065860442351554
5.221160257835074,0.044668883085250854,0.29105909045320005
5.227828406312514,0.10101023316383362,0.2554224165854976
5.234496554789954,0.3446411192417145,0.27232115636579696
5.241164703267393,0.022946756333112717,0.25313440538011495
5.247832851744833,0.2684883773326874,0.2632316248025745
5.254501000222272,0.09344129264354706,0.25754081397317347
5.261169148699711,0.22899529337882996,0.2676446947734803
5.2678372971771505,0.4079875349998474,0.2877057428471744
5.27450544565459,0.2120923101902008,0.25819650692865254
5.28117359413203,0.01818571612238884,0.258195730112493
5.287841742609469,0.01587928831577301,0.25719312224537133
5.294509891086909,0.21088644862174988,0.19138934258371593
5.3011780395643475,0.018897896632552147,0.18890572274103762
5.307846188041787,0.5578075051307678,0.20798558229580524
5.314514336519227,0.43761423230171204,0.2272019344381988
5.321182484996666,3.8314149379730225,0.39090085802599794
5.327850633474106,0.023875536397099495,0.3877205491065979
5.334518781951545,0.21396024525165558,0.3950774766504765
5.341186930428984,0.5631367564201355,0.398704918473959
5.347855078906424,0.12079650163650513,0.38683634325861926
5.354523227383863,0.39902156591415405,0.40455397740006444
5.361191375861303,0.07515394687652588,0.4032611630856991
5.367859524338742,0.6105292439460754,0.41655556932091714
5.374527672816182,0.14385473728179932,0.4226009683683514
5.3811958212936215,0.16051146388053894,0.417202122695744
5.38786396977106,0.004639820661395788,0.4127620490966365
5.3945321182485,0.49527403712272644,0.42607598628383136
5.401200266725939,0.09849309176206589,0.4106012641219423
5.407868415203379,0.0362236425280571,0.4018078307388351
5.4145365636808185,0.095136858522892,0.40565538785886024
5.421204712158258,0.3375856280326843,0.42174070484470577
5.427872860635697,0.3736080825328827,0.4298767865402624
5.434541009113136,0.26780617237091064,0.4423222003271803
5.441209157590576,1.0857701301574707,0.46872033157851545
5.4478773060680155,0.11294952034950256,0.452487095980905
5.454545454545455,0.2775734066963196,0.27479501941706985
5.461213603022895,0.043841227889060974,0.27579330399166796
5.467881751500333,0.6657000780105591,0.2983802956296131
5.474549899977773,1.5876988172531128,0.349608398671262
5.481218048455212,0.18221847712993622,0.3526794974459335
5.487886196932652,1.1090136766433716,0.38817910298239444
5.494554345410092,0.4264281392097473,0.4057428125990554
5.501222493887531,0.417985200881958,0.39611561044584964
5.507890642364971,0.7975668907165527,0.4288012181175872
5.514558790842409,0.8955329656600952,0.4655522932065651
5.521226939319849,0.14915966987609863,0.47277828566730024
5.5278950877972886,0.5949461460113525,0.47776189111173156
5.534563236274728,0.00876401923596859,0.47327543748542666
5.541231384752168,0.003922498784959316,0.4716603802982718
5.547899533229607,1.0539360046386719,0.5196003376040608
5.554567681707046,0.33240604400634766,0.519341358402744
5.5612358301844855,0.1521407663822174,0.5082679925952108
5.567903978661925,0.6664733290672302,0.5282013504300267
5.574572127139365,0.30489856004714966,0.4891577719245106
5.581240275616804,0.023520398885011673,0.484686315851286
5.587908424094244,1.310389518737793,0.5363271214533598
5.5945765725716825,0.04245937615633011,0.5362580288667232
5.601244721049122,0.26450613141059875,0.5161983315367251
5.607912869526562,0.1362539827823639,0.44362608981318774
5.614581018004001,0.3351844847202301,0.4512743901927024
5.621249166481441,0.4308088719844818,0.4173641499597579
5.62791731495888,0.09994467347860336,0.40103997667320074
5.634585463436319,0.10800635069608688,0.3855410341639072
5.641253611913759,0.1849222630262375,0.3549088027793914
5.647921760391198,0.19592542946338654,0.31992842596955595
5.654589908868638,0.035511989146471024,0.31424604193307454
5.661258057346077,0.19557155668735504,0.29427731246687466
5.667926205823517,0.27128058671951294,0.3074031408410519
5.6745943543009565,0.006608862895518541,0.3075374590465799
5.681262502778395,0.5626564025878906,0.2829734789440409
5.687930651255835,0.39052969217300415,0.28587966135237364
5.694598799733274,0.09062148630619049,0.2828036973485723
5.701266948210714,0.124823659658432,0.2557212138781324
5.7079350966881535,0.1472502201795578,0.2478387968847528
5.714603245165593,0.9463330507278442,0.2939794294768944
5.721271393643032,0.09795106202363968,0.23335750664118676
5.727939542120471,0.16689643263816833,0.2395793594652787
5.734607690597911,0.004655221942812204,0.22658681399188937
5.74127583907535,0.845703125,0.26205927110277116
5.74794398755279,0.061189062893390656,0.24835950001142923
5.75461213603023,0.13194787502288818,0.23341645016334953
5.761280284507668,0.0283491387963295,0.22983667342923583
5.767948432985108,0.05780180171132088,0.22732644597999752
5.774616581462547,0.12986312806606293,0.2245734892319888
5.781284729939987,0.026157326996326447,0.2160850841086358
5.787952878417427,0.26176440715789795,0.22739770500920717
5.794621026894866,0.08729463815689087,0.22198385908268392
5.801289175372306,0.08123201876878738,0.21248143068514766
5.807957323849744,0.07260496914386749,0.21578123599756507
5.814625472327184,0.1695752888917923,0.1961271803127602
5.8212936208046235,0.01257591973990202,0.1772294916911051
5.827961769282063,0.07509636878967285,0.17645323581527922
5.834629917759503,0.023220954462885857,0.1713731005555019
5.841298066236942,0.03084561973810196,0.1655528705334291
5.847966214714381,0.1205442026257515,0.12426342812832444
5.8546343631918205,0.11709880828857422,0.12522081544157118
5.86130251166926,0.4026997685432434,0.13701098223682495
5.8679706601467,0.008413083851337433,0.13719887533225122
5.874638808624139,0.08828635513782501,0.09932803683914244
5.881306957101579,0.2730741500854492,0.10992229119874537
5.8879751055790175,0.01289139874279499,0.10396946738474072
5.894643254056457,0.5778612494468689,0.13144507291726767
5.901311402533897,0.029343603178858757,0.13002216299064456
5.907979551011336,0.021010437980294228,0.12457952848635614
5.914647699488776,0.061333946883678436,0.12633835948072372
5.921315847966215,1.489400863647461,0.1877201823052019
5.927983996443654,0.0026650463696569204,0.1834887027158402
5.934652144921094,0.011971616186201572,0.18002568258671092
5.941320293398533,0.02220255136489868,0.1775055616977625
5.947988441875973,0.25300732254981995,0.18167716338066386
5.954656590353412,0.0643361508846283,0.18426517493790018
5.961324738830852,0.4170815646648407,0.20136443473165858
5.9679928873082915,0.049746137112379074,0.20269069386413324
5.97466103578573,0.059303171932697296,0.20411357147386303
5.98132918426317,0.3710797131061554,0.2166403469978832
5.987997332740609,0.5044781565666199,0.2360093144117855
5.994665481218049,0.0739189013838768,0.21957027105381718
6.0013336296954884,0.06955424696207047,0.22262732920935377
6.008001778172928,0.014202792197465897,0.2189231510623358
6.014669926650367,0.004616802558302879,0.2055002836859785
6.021338075127806,0.17344878613948822,0.21352815305581316
6.028006223605246,0.10904868692159653,0.19008752492954958
6.034674372082685,0.38300231099128723,0.207770460320171
6.041342520560125,0.012408549897372723,0.2073403659160249
6.048010669037565,0.07511583715677261,0.2080294604296796
6.054678817515003,0.001777511672116816,0.1336482928309124
6.061346965992443,0.312092125415802,0.14911964678321965
6.068015114469882,0.04040875658392906,0.15054150380310605
6.074683262947322,0.007990032434463501,0.14983087785658428
6.0813514114247615,0.02824680134654045,0.13859285179642028
6.088019559902201,0.022668810561299324,0.13650948478025382
6.094687708379641,0.8033949732780457,0.15582515521091408
6.101355856857079,0.10541743040084839,0.15860871987533753
6.108024005334519,0.08351036161184311,0.15981907935929485
6.1146921538119585,0.01760677993297577,0.14214543270063587
6.121360302289398,0.03566949442028999,0.11870499959331939
6.128028450766838,0.12157721817493439,0.12108791543287227
6.134696599244277,0.0613565668463707,0.12067803142708727
6.141364747721716,0.0355091318488121,0.12174334840965458
6.1480328961991555,0.42696112394332886,0.14286056447890588
6.154701044676595,0.820099949836731,0.17519312266376802
6.161369193154035,0.05884146690368652,0.17268276166287252
6.168037341631474,0.057574912905693054,0.15641139175859278
6.174705490108914,0.23544685542583466,0.1675633070350159
6.1813736385863525,0.2476755529642105,0.17619129282538779
6.188041787063792,0.05593128502368927,0.17889898149296643
6.194709935541232,1.0698109865188599,0.21678492454811935
6.201378084018671,0.11752676963806152,0.22064082520082595
6.208046232496111,0.0782533511519432,0.22415399113669995
6.21471438097355,0.6142558455467224,0.253454443346709
6.221382529450989,0.04267163947224617,0.25445458479225636
6.228050677928429,0.24474531412124634,0.2265221018344164
6.234718826405868,0.25995340943336487,0.23424890078604219
6.241386974883308,0.4024285674095154,0.25019481107592584
6.248055123360747,0.5910819172859192,0.278868567943573
6.254723271838187,0.0467098131775856,0.2794205838814378
6.2613914203156265,0.4464542865753174,0.295664437301457
6.268059568793065,1.2763293981552124,0.35641307886689905
6.274727717270505,0.1252855807542801,0.3609019013121724
6.281395865747944,0.03195842728018761,0.3411517664790154
6.288064014225384,0.365892231464386,0.3184413805603981
6.294732162702823,0.015231416560709476,0.31626087804324926
6.301400311180263,1.0356390476226807,0.3651640847790986
6.308068459657702,0.058167412877082825,0.35630011265166106
6.314736608135141,1.1343122720718384,0.40063194860704243
6.321404756612581,0.8741040229797363,0.44154058550484476
6.32807290509002,0.038266103714704514,0.389963341364637
6.33474105356746,0.060424257069826126,0.3871082157362253
6.3414092020448996,0.5038321614265442,0.40838715624995536
6.348077350522338,0.004712926689535379,0.377910010307096
6.354745498999778,0.029125509783625603,0.37723270382266494
6.361413647477217,0.03299017995595932,0.36664494711440054
6.368081795954657,0.07472392171621323,0.357383472728543
6.3747499444320965,0.24555885791778564,0.3495399872539565
6.381418092909536,0.010691027157008648,0.320520442747511
6.388086241386976,0.024852152913808823,0.31942755973432213
6.394754389864414,0.02273036353290081,0.2982413635822013
6.401422538341854,1.972923994064331,0.3330710933776573
6.4080906868192935,0.06368410587310791,0.32999101963359867
6.414758835296733,0.7798109650611877,0.36738364652264865
6.421426983774173,0.06038883700966835,0.35210847679991275
6.428095132251612,0.2522817850112915,0.3639609952224418
6.434763280729051,1.5466692447662354,0.38951250507961965
6.4414314292064905,0.24138440191745758,0.3986733545316383
6.44809957768393,1.8252426385879517,0.433219872857444
6.45476772616137,0.00945593323558569,0.3899874683702365
6.461435874638809,0.09044013172388077,0.3925961697706953
6.468104023116249,0.34070542454719543,0.40661022814456377
6.4747721715936875,0.03033601865172386,0.3829354210058228
6.481440320071127,0.23432841897010803,0.3944161956198514
6.488108468548567,0.5651940107345581,0.421219620667398
6.494776617026006,0.04759470373392105,0.42194984685629605
6.501444765503446,0.0321989469230175,0.4198235981166362
6.508112913980885,0.056247279047966,0.4103580191731453
6.514781062458324,0.0017778370529413223,0.40991235966794193
6.521449210935764,0.011146312579512596,0.4092270676512272
6.528117359413203,0.08036234974861145,0.4121086669620127
6.534785507890643,0.21523085236549377,0.32422400987707084
6.541453656368082,0.30081409215927124,0.33608050919137905
6.548121804845522,0.11262461543083191,0.30272119170986117
6.554789953322961,0.024776047095656395,0.30094055221416055
6.5614581018004,0.017460636794567108,0.28919949480332435
6.56812625027784,0.12442449480295181,0.21808725730516015
6.574794398755279,0.02483293227851391,0.20725968382321297
6.581462547232719,0.0609939806163311,0.11904725092463198
6.588130695710158,0.37566930055618286,0.13735791929066182
6.594798844187598,0.25426241755485535,0.14554903358221055
6.601466992665037,1.1337335109710693,0.18520043790340426
6.608135141142476,0.22918973863124847,0.19514312390238048
6.614803289619916,0.47389501333236694,0.20712145362049345
6.621471438097355,0.06136561557650566,0.18193003386259082
6.628139586574795,0.40001028776168823,0.1995508130639792
6.6348077350522345,0.5092039704322815,0.22340106423944237
6.641475883529673,0.16757388412952423,0.22896739449352027
6.648144032007113,1.3176108598709106,0.29475904563441874
6.654812180484552,0.03558608144521713,0.295981034077704
6.661480328961992,0.006829831749200821,0.2923044081777334
6.6681484774394315,0.11159361898899078,0.2871225465089083
6.674816625916871,0.06892386823892593,0.275528035312891
6.681484774394311,0.10336173325777054,0.275064891204238
6.688152922871749,0.04231070354580879,0.2759416240267456
6.694821071349189,0.0029693017713725567,0.2752170572755859
6.7014892198266285,1.123149037361145,0.32515328440349556
6.708157368304068,0.04821312427520752,0.3263222940033302
6.714825516781508,0.21818600594997406,0.3341818952700123
6.721493665258947,0.041422538459300995,0.3174695571651682
6.728161813736386,0.11784102022647858,0.3106484872987494
6.7348299622138255,0.12156141549348831,0.26003988252487037
6.741498110691265,0.22155670821666718,0.25965823100414126
6.748166259168705,0.08170617371797562,0.24004878902342172
6.754834407646144,0.11644095927476883,0.24280255620833488
6.761502556123584,0.17101171612739563,0.23135262762662023
6.768170704601022,0.059664275497198105,0.2088756428798661
6.774838853078462,0.01715954579412937,0.20135492596309634
6.781507001555902,0.1556655466556549,0.14325766030233356
6.788175150033341,0.016993729397654533,0.14232804269995541
6.794843298510781,0.15756161510944366,0.14986463186796756
6.80151144698822,0.7913268208503723,0.18385129196103667
6.808179595465659,0.10269304364919662,0.1855397507315502
6.814847743943099,0.06450754404067993,0.18359704127069568
6.821515892420538,0.5522751808166504,0.20909526513423773
6.828184040897978,0.0319100022315979,0.21054230015724898
6.834852189375417,0.05299424007534981,0.1570345602929592
6.841520337852857,1.4343481063842773,0.22634130939841268
6.848188486330296,0.023925906047225,0.21662830440327524
6.854856634807735,0.036954041570425034,0.21640487955883148
6.861524783285175,0.6215192079544067,0.24158878894522792
6.868192931762614,0.01583508402109146,0.23630247237160806
6.874861080240054,0.01865839771926403,0.22615755684673786
6.881529228717493,0.0108290184289217,0.22261369908228515
6.888197377194933,0.40649715065956116,0.23711650865152478
6.894865525672372,0.173328697681427,0.23723235772922635
6.901533674149811,0.8689768314361572,0.2776979855261743
6.908201822627251,0.3143324851989746,0.29255663249641656
6.91486997110469,0.06544582545757294,0.2880456464365125
6.92153811958213,0.4062148630619049,0.307506703119725
6.9282062680595695,0.27370473742485046,0.31331385923549526
6.934874416537008,0.6405784487724304,0.3057764406315982
6.941542565014448,0.554811954498291,0.32838238617405296
6.948210713491887,0.07088130712509155,0.32870107432827356
6.954878861969327,0.17848044633865356,0.3100113376043737
6.9615470104467665,0.005371627397835255,0.3086844188626856
6.968215158924206,0.004833056125789881,0.3062763596652076
6.974883307401645,0.3765248656272888,0.2533851976273581
6.981551455879084,0.5839079022407532,0.2813842974370345
6.988219604356524,0.002865282353013754,0.27967985947616397
6.9948877528339635,0.5255744457244873,0.27488262136466807
7.001555901311403,0.22761310636997223,0.2854715224821121
7.008224049788843,0.841082751750946,0.3265927401836962
7.014892198266282,0.11295634508132935,0.3316991065163166
7.021560346743721,0.44298747181892395,0.33352362257428475
7.02822849522116,0.4264226257801056,0.34617831897921864
7.0348966436986,0.1822536587715149,0.31184216034598655
7.04156479217604,0.06388247758150101,0.2993196599651128
7.048232940653479,0.026542427018284798,0.29737449004314837
7.054901089130919,0.012290277518332005,0.27767826076596974
7.061569237608357,1.5816400051116943,0.34307502415031194
7.068237386085797,0.09410969913005829,0.31575158666819336
7.074905534563237,0.26120758056640625,0.3010713679715991
7.081573683040676,0.6249790191650391,0.3287762535735965
7.088241831518116,0.29350441694259644,0.3345274521037936
7.094909979995555,0.12275602668523788,0.34039667206816376
7.101578128472994,0.27357521653175354,0.353833780088462
7.1082462769504335,0.15553206205368042,0.3427841399097815
7.114914425427873,0.271732896566391,0.32717538962606346
7.121582573905313,0.15719257295131683,0.3348917541559786
7.128250722382752,0.0304342582821846,0.3101347447838635
7.134918870860192,0.07450655847787857,0.30247941738925876
7.141587019337631,0.024819638580083847,0.2616662617307156
7.14825516781507,1.4013066291809082,0.32608377593569454
7.15492331629251,0.18318402767181396,0.3130936037283391
7.161591464769949,0.16194523870944977,0.2998697343748063
7.168259613247389,0.6924325823783875,0.32537868055514996
7.174927761724828,0.21918250620365143,0.3331436819862575
7.181595910202268,0.23611678183078766,0.3436223997268826
7.188264058679707,0.08682046830654144,0.34734890926629297
7.194932207157146,0.00941038690507412,0.26873742835596204
7.201600355634586,0.01213487982749939,0.26463868739083407
7.208268504112025,0.1574033945798874,0.2594484780915081
7.214936652589465,0.03115115314722061,0.22975708479061727
7.2216048010669045,0.682532012462616,0.24920846456661824
7.228272949544343,0.3282530903816223,0.25948331775143746
7.234941098021783,0.1009223461151123,0.25085067423060536
7.241609246499222,0.08090553432703018,0.24711934784427286
7.248277394976662,0.07533416897058487,0.23729941146448252
7.2549455434541015,0.03545623645186424,0.2312125946395099
7.261613691931541,0.21753929555416107,0.24056784650310875
7.26828184040898,0.016535114496946335,0.2376692743040621
7.274949988886419,0.021907664835453033,0.23752367561683058
7.281618137363859,0.0708538368344307,0.17100103599950672
7.2882862858412985,0.7248690724372864,0.19808528823778035
7.294954434318738,0.02328748255968094,0.1911524004302919
7.301622582796178,0.05708197504281998,0.1593848700635135
7.308290731273617,0.29430437088012695,0.16314096329733727
7.314958879751056,0.08860799670219421,0.1557655240409076
7.321627028228495,0.11999541521072388,0.15742427138611673
7.328295176705935,0.5683454871177673,0.1853710263967514
7.334963325183375,0.08236806839704514,0.1888826858252287
7.341631473660814,0.1480139046907425,0.18841321133077146
7.348299622138254,0.41524556279182434,0.20761793181300164
7.354967770615692,0.14435391128063202,0.18070902675390246
7.361635919093132,0.05959932878613472,0.16727633867412808
7.3683040675705715,0.007043955381959677,0.1625824191374704
7.374972216048011,0.047720104455947876,0.1609231476439163
7.381640364525451,0.25207290053367615,0.16976008422207087
7.38830851300289,0.5842994451522827,0.1972022446570918
7.394976661480329,0.113033726811409,0.1919769662199542
7.4016448099577685,0.1016540378332138,0.19623291238676757
7.408312958435208,0.8682554364204407,0.23855030096601698
7.414981106912648,0.017626658082008362,0.23588894202839586
7.421649255390087,0.1700761914253235,0.20814929797779771
7.428317403867527,0.04638270288705826,0.20930405899416657
7.434985552344966,0.1449963003396988,0.21369977525901052
7.441653700822405,0.1447228491306305,0.20622069917153568
7.448321849299845,0.04776306822896004,0.204178452747874
7.454989997777284,0.5969654321670532,0.22802695359569042
7.461658146254724,0.15394744277000427,0.2073070513783023
7.468326294732163,0.2735547423362732,0.21686638507526368
7.474994443209603,0.012515861541032791,0.2100914829177782
7.481662591687042,2.0353829860687256,0.29109835408162327
7.488330740164481,0.28232884407043457,0.2979971007211134
7.494998888641921,0.03444118797779083,0.2967391936806962
7.50166703711936,0.32322901487350464,0.3125484466552734
7.5083351855968,0.01544423121958971,0.3109346529934555
7.5150033340742395,0.2495509684085846,0.310808556387201
7.521671482551678,0.04880758747458458,0.2840339635033161
7.528339631029118,0.031165095046162605,0.2799405319150538
7.535007779506557,0.19515396654605865,0.28461552835069603
7.541675927983997,0.12772150337696075,0.247588831698522
7.5483440764614365,0.13272441923618317,0.2533437197562307
7.555012224938876,0.7177616357803345,0.2807279919739813
7.561680373416315,0.16983725130558014,0.28690071939490736
7.568348521893754,0.006902904249727726,0.2799960495904088
7.575016670371194,0.029057258740067482,0.27421277007088063
7.581684818848633,1.3958414793014526,0.3416166906245053
7.588352967326073,0.004718006122857332,0.31200431932229544
7.595021115803513,0.464119553565979,0.3275129248620942
7.601689264280952,0.23500825464725494,0.3255856004776433
7.608357412758391,0.029799168929457664,0.32644976584706453
7.61502556123583,0.13808587193489075,0.2315849101403728
7.62169370971327,0.0044621932320296764,0.21769157759845256
7.6283618581907096,0.05812656506896019,0.21887584645301103
7.635030006668149,0.20130343735218048,0.21277956757694483
7.641698155145589,0.9504145383834839,0.2595280829351395
7.648366303623027,0.1488165557384491,0.2544913623016327
7.655034452100467,0.10221144556999207,0.2571615552064031
7.6617026005779065,0.9274868369102478,0.30197764229960733
7.668370749055346,0.07635921239852905,0.2960379045922309
7.675038897532786,0.3856276869773865,0.3089332137722522
7.681707046010225,0.02236930839717388,0.30341545823030175
7.688375194487664,0.02119668573141098,0.2685872107278556
7.6950433429651035,0.09665177762508392,0.2649279370438308
7.701711491442543,0.19155442714691162,0.27416051318869
7.708379639919983,0.24117061495780945,0.28476618099957707
7.715047788397422,0.3254631757736206,0.23124726582318547
7.721715936874862,0.7932056188583374,0.27067164645995945
7.728384085352301,0.05770956724882126,0.25035114714410156
7.73505223382974,0.826275110244751,0.2799144899239764
7.74172038230718,0.2305723875761032,0.2899531508563087
7.748388530784619,0.32572582364082336,0.2993351484416053
7.755056679262059,0.09468904137611389,0.3038464908488095
7.761724827739498,0.8527798652648926,0.3435791558586061
7.768392976216938,0.0947442352771759,0.33825119575485585
7.775061124694377,0.7741094827651978,0.3294359429739415
7.781729273171816,0.1809179186820984,0.331041011121124
7.788397421649256,0.027139462530612946,0.3272874119691551
7.795065570126695,0.049882423132658005,0.2834071912802756
7.801733718604135,0.6145516633987427,0.31031681383028625
7.8084018670815745,0.7438515424728394,0.3282280066050589
7.815070015559013,0.5184950232505798,0.35303429234772926
7.821738164036453,0.024134552106261253,0.3531811856664717
7.828406312513892,0.037113383412361145,0.35020426595583565
7.835074460991332,0.9844873547554016,0.3898509123362601
7.841742609468771,0.07392622530460358,0.38148869285359976
7.848410757946211,0.208407461643219,0.37563590714707973
7.85507890642365,0.3434252142906189,0.3531468869186937
7.861747054901089,1.9204952716827393,0.4462861721403897
7.868415203378529,0.1966795176267624,0.41480639250949025
7.875083351855968,0.15182386338710785,0.4108689663000405
7.881751500333408,0.3138362169265747,0.41027448596432814
7.888419648810848,0.006925284396857023,0.4058862981153653
7.895087797288287,0.20380651950836182,0.3734376308275387
7.901755945765726,0.2317776381969452,0.38028930097352714
7.908424094243165,0.5796206593513489,0.37056485980283466
7.915092242720605,0.08522000163793564,0.36577996395062656
7.9217603911980445,0.09775451570749283,0.36931071660947057
7.928428539675484,0.37320199608802795,0.3854766952572391
7.935096688152924,0.3473125696182251,0.37211474056821325
7.941764836630362,0.20344336330890656,0.3450943316100166
7.948432985107802,0.16438934206962585,0.3273890475509689
7.9551011335852415,0.5756475925445557,0.3549646995728836
7.961769282062681,0.19501163065433502,0.3628596119349823
7.968437430540121,0.002179966541007161,0.3137442425242626
7.97510557901756,0.06666490435600281,0.3133811764768325
7.981773727494999,0.016555221751332283,0.3037885644822382
7.9884418759724385,0.02716398984193802,0.28797550325980414
7.995110024449878,0.1626136302947998,0.20008142119040714
8.001778172927317,0.6413479447364807,0.22231484254589304
8.008446321404756,0.018590839579701424,0.21565319135552274
8.015114469882196,0.4050908386707306,0.22021592244273056
8.021782618359635,0.029366688802838326,0.2213379926630296
8.028450766837075,0.05880958214402199,0.2140881457948126
8.035118915314515,0.03506793454289436,0.2042526606121101
8.041787063791954,0.12090058624744415,0.18131665695691485
8.048455212269394,0.0848911702632904,0.18130021538818258
8.055123360746833,0.07914817333221436,0.18036989826941865
8.061791509224273,0.0352616049349308,0.16347287871176377
8.068459657701712,1.612000823020935,0.22670729138189927
8.075127806179152,0.6853121519088745,0.2508007308118977
8.081795954656592,0.6964045763015747,0.2774014925234951
8.08846410313403,0.5772352814674377,0.2774808769696392
8.095132251611469,0.03541538119316101,0.2695010644965805
8.101800400088909,0.029721327126026154,0.2708781325258315
8.108468548566348,0.09794680774211884,0.27244222769513726
8.115136697043788,0.6354432702064514,0.30338663011789324
8.121804845521227,0.3752647042274475,0.3207916658371687
8.128472993998667,0.15777839720249176,0.3205499041825533
8.135141142476106,1.4791128635406494,0.3624381501227617
8.141809290953546,0.03634225204586983,0.3633257207460701
8.148477439430986,0.07734441757202148,0.3469383996911347
8.155145587908425,0.03285510838031769,0.3471128206700087
8.161813736385865,0.10597742348909378,0.3494712127372623
8.168481884863304,0.13022148609161377,0.3542288903146983
8.175150033340742,0.036005109548568726,0.3499841164797545
8.181818181818182,1.8955473899841309,0.44051692746579657
8.188486330295621,0.0033380163367837667,0.436726419616025
8.19515447877306,0.6418362259864807,0.4670551506686025
8.2018226272505,0.004791812039911747,0.38669470011955126
8.20849077572794,0.008659908547997475,0.3528620879515074
8.21515892420538,0.1485041081905365,0.32546706454595553
8.221827072682819,0.03886093944311142,0.2985483474447393
8.228495221160259,0.013210223987698555,0.29743808958446616
8.235163369637698,0.1893559992313385,0.3054198231897317
8.241831518115138,0.022044682875275612,0.30162471694638954
8.248499666592577,0.021533923223614693,0.27092924959724773
8.255167815070015,0.02735343761742115,0.2535336862667464
8.261835963547455,0.1476057469844818,0.2530250537558459
8.268504112024894,1.0542396306991577,0.2317813921137713
8.275172260502334,0.883259117603302,0.2741272353916429
8.281840408979773,0.15777897834777832,0.2781489634304307
8.288508557457213,0.2089737057685852,0.2869548932998441
8.295176705934653,0.06292742490768433,0.28480239337077357
8.301844854412092,0.026432940736413002,0.27961296610301356
8.308513002889532,0.06814707070589066,0.2812200641608797
8.315181151366971,0.1496909111738205,0.19392724022036417
8.321849299844411,0.17944099009037018,0.2027323889080435
8.32851744832185,0.007165063172578812,0.17099883076734843
8.33518559679929,0.09467262774705887,0.17549287155270576
8.341853745276728,0.008141486905515194,0.17546695047058167
8.348521893754167,0.15683527290821075,0.17588350870646535
8.355190042231607,0.34708189964294434,0.191294556716457
8.361858190709047,0.20189838111400604,0.2007289645727724
8.368526339186486,0.5668603777885437,0.21960418350063265
8.375194487663926,0.040425121784210205,0.2205232054460794
8.381862636141365,0.09138979017734528,0.22401599879376594
8.388530784618805,0.23748493194580078,0.2345225735101849
8.395198933096244,0.3818094730377197,0.24623275981284676
8.401867081573684,0.3479136824607849,0.21091646240092812
8.408535230051124,0.04422618821263313,0.1689648159313947
8.415203378528563,0.23772357404232025,0.17296204571612178
8.421871527006001,0.07830512523651123,0.1664286166895181
8.42853967548344,0.06710859388113022,0.1666376751381904
8.43520782396088,0.3302426040172577,0.18182815830223262
8.44187597243832,0.2791525423526764,0.1923784318845719
8.44854412091576,1.2000148296356201,0.24489462780766189
8.455212269393199,0.14335544407367706,0.24309035050682729
8.461880417870638,0.22063422203063965,0.2537638084497303
8.468548566348078,0.03177609667181969,0.2506189818959683
8.475216714825518,0.7089805603027344,0.28566093556582933
8.481884863302957,0.016063295304775238,0.2786223366856575
8.488553011780397,0.07014680653810501,0.2647755820304155
8.495221160257836,0.11433631181716919,0.2603974785655737
8.501889308735276,0.048128530383110046,0.23446088619530203
8.508557457212714,0.10423000901937485,0.23765113055706028
8.515225605690153,0.043985653668642044,0.23528092373162512
8.521893754167593,0.04050476849079132,0.22543191555887462
8.528561902645032,0.33937832713127136,0.2233103582635522
8.535230051122472,0.1394101232290268,0.2128851803019643
8.541898199599911,0.08865191042423248,0.21510646641254422
8.548566348077351,0.05764700844883919,0.20610263813287016
8.55523449655479,0.18784284591674805,0.21157952416688203
8.56190264503223,0.42448511719703674,0.22944835033267735
8.56857079350967,2.3797388076782227,0.33192316051572557
8.57523894198711,0.46440979838371277,0.3411860233172774
8.581907090464549,0.02129983715713024,0.282250273693353
8.588575238941987,0.048585064709186554,0.2775117547251284
8.595243387419426,0.8587678670883179,0.30941843697801236
8.601911535896866,0.06424780189990997,0.3110420222394169
8.608579684374305,0.010616814717650414,0.2761238349601627
8.615247832851745,0.40798041224479675,0.29571969080716376
8.621915981329185,0.03824275732040405,0.2941244883462787
8.628584129806624,0.02506536990404129,0.28966094125062225
8.635252278284064,0.9014154672622681,0.3323252880945802
8.641920426761503,0.9859805703163147,0.3764128161594272
8.648588575238943,0.36553719639778137,0.3924903932958842
8.655256723716382,0.10225249081850052,0.3955777794122696
8.661924872193822,0.01913716085255146,0.37956572109833364
8.668593020671262,0.06673064827919006,0.3759317473508418
8.6752611691487,0.009920242242515087,0.3719951639417559
8.681929317626139,0.1068650558590889,0.37445606631226835
8.688597466103579,0.03430603817105293,0.3667792259249836
8.695265614581018,0.026742836460471153,0.34689211188815533
8.701933763058458,0.25512275099754333,0.2406613090541214
8.708601911535897,0.014385668560862541,0.21816010256297888
8.715270060013337,0.03700944036245346,0.21894558272324502
8.721938208490776,0.03530587628483772,0.21828162330202758
8.728606356968216,0.38117659091949463,0.19440205949358644
8.735274505445656,0.206100732088089,0.2014947060029954
8.741942653923095,0.038730449974536896,0.20290038776583974
8.748610802400535,0.032607726752758026,0.18413175349123778
8.755278950877972,0.17382384836673737,0.19091080804355445
8.761947099355412,0.3285006880760193,0.20608257395215338
8.768615247832852,0.5497779846191406,0.188500699819997
8.775283396310291,0.6388273239135742,0.17114303749985996
8.78195154478773,0.29537346959114075,0.16763485115952792
8.78861969326517,0.454600989818573,0.18525227610953154
8.79528784174261,0.13880646228790283,0.1912357411812991
8.80195599022005,0.008374376222491264,0.18831792757846416
8.808624138697489,0.03518050163984299,0.18958094054833055
8.815292287174929,0.45580726861953735,0.207028051186353
8.821960435652368,0.18926586210727692,0.2147760423831642
8.828628584129808,0.5693248510360718,0.24190514311194422
8.835296732607247,0.0062408726662397385,0.22946104919537902
8.841964881084685,0.5800150632858276,0.2577425189316273
8.848633029562125,0.19376623630523682,0.2655803587287665
8.855301178039564,0.011685708537697792,0.2643993503414095
8.861969326517004,0.03027069754898548,0.246854055672884
8.868637474994443,0.004220884758979082,0.23676006330642851
8.875305623471883,0.04037856310606003,0.23684246896300465
8.881973771949323,0.2987819015979767,0.25015117770526557
8.888641920426762,0.007066037505865097,0.24181328716222197
8.895310068904202,0.0932387188076973,0.23005018869880586
8.901978217381641,0.003378910943865776,0.20273023501504212
8.90864636585908,0.7239453792572021,0.20698613778222355
8.91531451433652,0.019657814875245094,0.19320035504642877
8.92198266281396,0.03009827807545662,0.17197521945927294
8.928650811291398,0.057696204632520676,0.16791970657650385
8.935318959768837,0.009823719039559364,0.16799217371735725
8.941987108246277,0.23647096753120422,0.1780566970119253
8.948655256723717,0.029222235083580017,0.15672744533512745
8.955323405201156,0.12227463722229004,0.1533778840908781
8.961991553678596,0.013953574001789093,0.12560932023916394
8.968659702156035,0.04783126711845398,0.12768883996177463
8.975327850633475,0.7487602829933167,0.13612610094714908
8.981995999110914,1.0339642763137817,0.17813600294757634
8.988664147588354,0.15439122915267944,0.18527127897832543
8.995332296065794,0.052547067403793335,0.18638509747106582
9.002000444543233,0.025622230023145676,0.18745516473427415
9.008668593020671,0.018481485545635223,0.18636031085625288
9.01533674149811,0.11631084978580475,0.17723675826564428
9.02200488997555,0.04174969717860222,0.17897094124928117
9.02867303845299,0.009946422651410103,0.17480632644146682
9.03534118693043,0.005454221274703741,0.17491009195800872
9.042009335407869,0.306438148021698,0.15403473039623353
9.048677483885308,0.5451273322105408,0.18030820626299832
9.055345632362748,1.480345606803894,0.2528205726994202
9.062013780840187,0.5012466311454773,0.27499809402506803
9.068681929317627,0.07381121814250946,0.2781974689802156
9.075350077795067,0.04554091766476631,0.2686509664868936
9.082018226272506,0.3585447072982788,0.28511709009762853
9.088686374749946,0.02519313432276249,0.28026301495265216
9.095354523227384,0.6123991012573242,0.3101852913154289
9.102022671704823,0.1419423222541809,0.31489084407221524
9.108690820182263,0.028821155428886414,0.2788938876939937
9.115358968659702,0.1820039451122284,0.2362958711339161
9.122027117137142,0.1738043874502182,0.23726652904879303
9.128695265614581,0.0033550956286489964,0.23480693046003578
9.135363414092021,1.11572265625,0.2893119517713785
9.14203156256946,0.058555424213409424,0.2913156487047672
9.1486997110469,0.0146443797275424,0.28623232520185404
9.15536785952434,1.0867478847503662,0.3384822345804423
9.16203600800178,0.3528525233268738,0.3556275396142155
9.168704156479219,0.03135823458433151,0.3569227402796969
9.175372304956657,0.3039468228816986,0.356798174022697
9.182040453434096,0.047842174768447876,0.33193391615059226
9.188708601911536,0.015540958382189274,0.258693683729507
9.195376750388975,0.11411194503307343,0.23933694942388684
9.202044898866415,0.5032738447189331,0.26081008075270806
9.208713047343855,0.05075439065694809,0.26107075440231714
9.215381195821294,0.04747088998556137,0.24551706353668126
9.222049344298734,0.08092769980430603,0.24830379181075846
9.228717492776173,0.5665579438209534,0.2460117339389399
9.235385641253613,0.005958457477390766,0.2392125407001004
9.242053789731052,0.26051801443099976,0.25079738365020604
9.248721938208492,0.21273227035999298,0.25233379991259425
9.255390086685932,0.1609361171722412,0.25169038639869545
9.26205823516337,0.9623542428016663,0.2996403437573463
9.268726383640809,0.1146029531955719,0.24958435860462488
9.275394532118248,0.013957974500954151,0.24735448611900213
9.282062680595688,0.020884819328784943,0.24766650809906426
9.288730829073128,0.35862162709236145,0.211260195216164
9.295398977550567,0.055625513195991516,0.19639884470961988
9.302067126028007,0.12506377696990967,0.20108412182889876
9.308735274505446,0.10988987237215042,0.1913812743034214
9.315403422982886,0.04070352762937546,0.19102434194646775
9.322071571460326,0.2697964310646057,0.20373711558058857
9.328739719937765,0.45024749636650085,0.22054389314725995
9.335407868415205,0.007865983061492443,0.19577350006438793
9.342076016892642,0.24869760870933533,0.20567066096700726
9.348744165370082,0.033438924700021744,0.2049690627027303
9.355412313847522,1.2160192728042603,0.26172364135272796
9.362080462324961,0.5711978077888489,0.26195563455112275
9.3687486108024,0.09448063373565674,0.266381743364036
9.37541675927984,0.010635102167725563,0.2538875977508724
9.38208490775728,1.670381784439087,0.32677007345482706
9.38875305623472,0.06190535053610802,0.3218185351230204
9.395421204712159,0.055256571620702744,0.27646365156397223
9.402089353189599,0.036722324788570404,0.2725696201436222
9.408757501667038,0.351938933134079,0.28946866807527843
9.415425650144478,0.007035568356513977,0.2887762055266649
9.422093798621917,0.011327344924211502,0.2714114914182574
9.428761947099355,0.10481968522071838,0.2738712000194937
9.435430095576795,0.17413966357707977,0.2763249943498522
9.442098244054234,0.03129228204488754,0.27239511483348905
9.448766392531674,0.08513858169317245,0.2746168675366789
9.455434541009113,0.11244288831949234,0.2667491903994233
9.462102689486553,0.026012422516942024,0.24553743670694533
9.468770837963993,0.038944050669670105,0.24709134008735423
9.475438986441432,0.9066951870918274,0.27999121900647883
9.482107134918872,0.44591739773750305,0.3006151426583529
9.488775283396311,0.05979818478226662,0.24280408825725316
9.49544343187375,0.39893707633018494,0.23419105168431997
9.50211158035119,1.12276029586792,0.28560503479093313
9.50877972882863,0.08170071244239807,0.28915831530466674
9.515447877306068,0.010371741838753223,0.20615781317465007
9.522116025783507,0.06564196944236755,0.20634464411996306
9.528784174260947,0.3326340317726135,0.2202135171275586
9.535452322738386,0.3282749056816101,0.2347911461722106
9.542120471215826,0.2323182225227356,0.22881011064164344
9.548788619693266,0.9102143049240112,0.27396904747001827
9.555456768170705,0.12533004581928253,0.27966918251477185
9.562124916648145,0.28401798009872437,0.28862909725867214
9.568793065125584,1.8631647825241089,0.3730803532060236
9.575461213603024,0.49497273564338684,0.3962643758859486
9.582129362080464,0.12986761331558228,0.398500827467069
9.588797510557903,0.12049799412488937,0.3989035827573389
9.59546565903534,0.02226291410624981,0.3987161073368043
9.60213380751278,0.802590012550354,0.43689840543083847
9.60880195599022,0.024508114904165268,0.3927890518214554
9.61547010446766,0.9047297835350037,0.4157296711113304
9.6221382529451,0.5466554164886475,0.4400725326966494
9.628806401422539,0.018451152369379997,0.4210482364986091
9.635474549899978,0.05076604709029198,0.3674485240597277
9.642142698377418,0.12510935962200165,0.369618956418708
9.648810846854857,0.4982846975326538,0.394014604203403
9.655478995332297,0.1458645462989807,0.3980257330462337
9.662147143809737,0.2152871936559677,0.3921583911404014
9.668815292287176,0.10006828606128693,0.38074806015938517
9.675483440764616,0.06772419065237045,0.3725183585658669
9.682151589242054,0.1699436753988266,0.3355048270896077
9.688819737719493,0.4569324851036072,0.352084949053824
9.695487886196933,0.0569792240858078,0.3407330112531782
9.702156034674372,0.5006550550460815,0.27260752487927675
9.708824183151812,0.006944243796169758,0.24820610028691592
9.715492331629251,0.06535736471414566,0.2449805878568441
9.722160480106691,0.056699734181165695,0.2417906748596579
9.72882862858413,1.2760182619094849,0.3044784422498197
9.73549677706157,0.041705090552568436,0.26643419614993036
9.74216492553901,0.3508898913860321,0.28275328497402374
9.74883307401645,0.006453590001910925,0.2378394752973691
9.755501222493889,0.03976701945066452,0.2124950554454699
9.762169370971327,0.14696991443634033,0.21892099354881792
9.768837519448766,0.07359785586595535,0.2200625839876011
9.775505667926206,0.40725985169410706,0.23417010859120638
9.782173816403645,0.09500608593225479,0.21400617801118646
9.788841964881085,0.07146672904491425,0.21028628714848316
9.795510113358525,0.1559467613697052,0.20731926553417
9.802178261835964,0.09333578497171402,0.20698264047969137
9.808846410313404,0.30855438113212585,0.2190241500036791
9.815514558790843,0.5773177742958069,0.2393928549485281
9.822182707268283,0.034279242157936096,0.2182601928012446
9.828850855745722,0.04395294934511185,0.21760887906420978
9.835519004223162,0.6378624439239502,0.22446924850810318
9.842187152700602,0.05742345377802849,0.2269932090071961
9.84885530117804,0.0647166296839714,0.22696117225568743
9.855523449655479,0.3634478449821472,0.2422985777957365
9.862191598132918,0.11511088907718658,0.18425320915412158
9.868859746610358,0.049166999757289886,0.18462630461435764
9.875527895087798,0.13972993195056915,0.1740683066425845
9.882196043565237,0.04800795018672943,0.1761460246518254
9.888864192042677,0.03675343841314316,0.17599534559994934
9.895532340520116,0.006973894312977791,0.16899554459378122
9.902200488997556,0.021301917731761932,0.16638074768707153
9.908868637474995,0.029916776344180107,0.1475135939195752
9.915536785952435,0.09585826098918915,0.14755620267242192
9.922204934429875,0.09203801304101944,0.14858476687222716
9.928873082907312,1.4043084383010864,0.2110028507187962
9.935541231384752,0.004706712905317545,0.20657139711547642
9.942209379862192,0.6235853433609009,0.2223229452269152
9.948877528339631,0.015496807172894478,0.19423189687076958
9.95554567681707,0.016292009502649307,0.19333253523800523
9.96221382529451,0.0054693082347512245,0.1914083531824872
9.96888197377195,0.0075156791135668755,0.15989101494196803
9.97555012224939,0.024009298533201218,0.15822030717972665
9.982218270726829,1.0803062915802002,0.2089997902745381
9.988886419204269,0.02708343230187893,0.19218156964052469
9.995554567681708,0.145975261926651,0.19372478828299788
10.002222716159148,0.44156649708747864,0.21334476314950734
10.008890864636587,0.030170487239956856,0.2078667909139767
10.015559013114025,0.03682135045528412,0.20730746092740443
10.022227161591465,0.624916672706604,0.2367156226420775
10.028895310068904,0.06309451162815094,0.23952165350783616
10.035563458546344,0.15599478781223297,0.24625629701185978
10.042231607023783,0.007953684777021408,0.24515814243350184
10.048899755501223,0.15737009048461914,0.24823373390827333
10.055567903978663,0.15659353137016296,0.2514615098247305
10.062236052456102,0.010417703539133072,0.18176697308663278
10.068904200933542,0.3084474802017212,0.19695401145145297
10.075572349410981,0.008805668912827969,0.1662150277290493
10.08224049788842,0.232776939868927,0.17707903436385097
10.08890864636586,0.05869052931666374,0.1791989603545517
10.0955767948433,0.000983015401288867,0.1789746457128786
10.102244943320738,2.1932952404022217,0.28826362377731135
10.108913091798177,0.7104938626289368,0.32258785198209816
10.115581240275617,0.021559610962867737,0.26965051795123146
10.122249388753056,0.2593323588371277,0.2812629642779939
10.128917537230496,0.019071971997618675,0.2749177997815423
10.135585685707936,0.008899886161088943,0.2532844692352228
10.142253834185375,0.03325262293219566,0.25343857601983477
10.148921982662815,0.6164326071739197,0.2824191388557666
10.155590131140254,0.6555185317993164,0.2839492318104021
10.162258279617694,0.0520092137157917,0.28339496691478416
10.168926428095133,0.03838389739394188,0.2775144223938696
10.175594576572573,0.13412843644618988,0.28382315997732804
10.18226272505001,0.08093807101249695,0.280001559003722
10.18893087352745,0.5368809700012207,0.2990159309352749
10.19559902200489,0.03516349941492081,0.30025322072906424
10.20226717048233,0.1329672932624817,0.29147921138210225
10.20893531895977,0.21021679043769836,0.3015497674583458
10.215603467437209,0.12019255757331848,0.29592054834356535
10.222271615914648,0.01878431625664234,0.2939252376905643
10.228939764392088,1.0738804340362549,0.3475701086223126
10.235607912869527,0.09094987064599991,0.24245284013450152
10.242276061346967,0.15874338150024414,0.21486531607806686
10.248944209824407,0.22013580799102783,0.22479412592947484
10.255612358301846,0.0390433706343174,0.2137796765193343
10.262280506779286,0.029317615553736687,0.2142919586971402
10.268948655256724,0.011075649410486221,0.21440074685961008
10.275616803734163,0.04033615440130234,0.21475492343306543
10.282284952211603,0.17254939675331116,0.192560762912035
10.288953100689042,0.18792842328548431,0.1691812574863434
10.295621249166482,1.054505467414856,0.2193060701712966
10.302289397643921,0.02940683253109455,0.21885721692815424
10.308957546121361,0.04431683197617531,0.21436663670465356
10.3156256945988,0.2974066734313965,0.2251900668255985
10.32229384307624,0.028079599142074585,0.19974999828264117
10.32896199155368,0.03930351883172989,0.19995699925348162
10.33563014003112,0.03173045068979263,0.19489515712484717
10.342298288508559,0.06430838257074356,0.18759973673149943
10.348966436985997,1.3927996158599854,0.25123008964583277
10.355634585463436,0.42738863825798035,0.27166030574589967
10.362302733940876,0.7371926307678223,0.254825915582478
10.368970882418315,0.05287281051278114,0.25292206257581706
10.375639030895755,0.057975199073553085,0.24788365345448257
10.382307179373194,0.09678418189287186,0.24171607214957475
10.388975327850634,0.0028823907487094402,0.23990802315529436
10.395643476328074,0.026865679770708084,0.23978542636614292
10.402311624805513,0.04858657345175743,0.24166097256820648
10.408979773282953,0.5250160098075867,0.2658949653385207
10.415647921760392,0.8283762335777283,0.29868630717974154
10.422316070237832,0.010795476846396923,0.2898296598577872
10.428984218715271,0.05252619832754135,0.23973069640342148
10.43565236719271,0.12625017762184143,0.24457286365795883
10.442320515670149,0.1659097820520401,0.2506525111617521
10.448988664147588,0.010801933705806732,0.23632227417547258
10.455656812625028,0.0239738579839468,0.23611698711756618
10.462324961102468,0.8172261714935303,0.2750131197506562
10.468993109579907,0.2894367277622223,0.2878984336042777
10.475661258057347,0.0855393260717392,0.28895998077932744
10.482329406534786,0.006604321766644716,0.21965021607466043
10.488997555012226,0.019872691482305527,0.19927441873587667
10.495665703489665,0.5658442974090576,0.19070700206793845
10.502333851967105,0.01980016566812992,0.1890533698257059
10.509002000444545,0.04203157126903534,0.18825618843548006
10.515670148921982,0.2772468626499176,0.19727932247333232
10.522338297399422,0.08778402209281921,0.2015244040405378
10.529006445876862,1.56210458278656,0.2782863491913304
10.535674594354301,0.0060265096835792065,0.27615834600292144
10.54234274283174,0.10388442873954773,0.2551017669495195
10.54901089130918,0.005702437832951546,0.2139680771622807
10.55567903978662,0.010623748414218426,0.2139594907406718
10.56234718826406,0.12057989090681076,0.21736217536963526
10.569015336741499,0.0032684861216694117,0.21121309079462663
10.575683485218939,0.0255133043974638,0.2041932669118978
10.582351633696378,0.2735278010368347,0.21732956027844919
10.589019782173818,0.027006354182958603,0.21748118508839978
10.595687930651257,0.07181962579488754,0.18021085780346766
10.602356079128695,0.06404758989810944,0.16894140091026202
10.609024227606135,0.16473297774791718,0.17290108349407093
10.615692376083574,0.03314287215471268,0.17422801101347435
10.622360524561014,0.07513450086116791,0.17699110148241748
10.629028673038453,0.12248454988002777,0.15482311410596597
10.635696821515893,0.03352769836783409,0.15550949074095116
10.642364969993332,0.8147674798965454,0.19414628617232665
10.649033118470772,0.2946363687515259,0.19501576147740704
10.655701266948212,0.007728899363428354,0.19101300534093751
10.662369415425651,0.2858383059501648,0.12719969149911775
10.66903756390309,0.4112694263458252,0.14746183733223006
10.67570571238053,0.8128541111946106,0.18291032145498323
10.682373860857968,0.028903067111968994,0.18407035291893412
10.689042009335408,0.05620567873120308,0.18634944943478332
10.695710157812847,0.17912428081035614,0.1892766689299606
10.702378306290287,0.06585350632667542,0.1924059199402109
10.709046454767726,0.7741068601608276,0.22983559772837908
10.715714603245166,0.03328295052051544,0.2178233552025631
10.722382751722606,0.6821250319480896,0.25057928909081967
10.729050900200045,0.016676677390933037,0.24782214167062197
10.735719048677485,0.03993756324052811,0.24661664033774292
10.742387197154924,0.034774426370859146,0.24011871276889
10.749055345632364,0.13310393691062927,0.2451167660066858
10.755723494109803,0.40415939688682556,0.2615680108079687
10.762391642587243,0.023118285462260246,0.25659969758708034
10.76905979106468,0.7437530159950256,0.2921109634684399
10.77572793954212,0.00967889092862606,0.25185653402004393
10.78239608801956,0.06967435032129288,0.24060843309853225
10.789064236497,0.17375129461288452,0.24890955286100505
10.795732384974439,0.2759719789028168,0.24841623650863767
10.802400533451879,0.4795592725276947,0.25183072881773116
10.809068681929318,0.03441409766674042,0.21290872814133766
10.815736830406758,0.007108542136847973,0.2118190018925816
10.822404978884197,0.05197709798812866,0.21160757285542786
10.829073127361637,0.03989217057824135,0.2046459673438221
10.835741275839077,0.01474844291806221,0.20209071417339144
10.842409424316516,0.13416753709316254,0.17009374802000823
10.849077572793956,0.011833639815449715,0.16902128248475493
10.855745721271393,0.3249794840812683,0.15116400509141384
10.862413869748833,0.014206496998667717,0.1510404960718006
10.869082018226273,0.04821588099002838,0.1514544119592756
10.875750166703712,0.3855355679988861,0.16899246904067694
10.882418315181152,0.04259353131055832,0.16446694876067341
10.889086463658591,0.12356169521808624,0.15043706367723647
10.895754612136031,0.06596053391695023,0.15257917609997096
10.90242276061347,0.06572884321212769,0.11867796746082605
10.90909090909091,0.16265147924423218,0.12632659687660636
10.91575905756835,0.6399466395378113,0.15484021133743228
10.92242720604579,0.06816522032022476,0.1495609076227993
10.929095354523229,0.023856986314058304,0.13695515799336136
10.935763503000667,1.8822396993637085,0.20708917933516208
10.942431651478106,0.042539771646261215,0.2074954630341381
10.949099799955546,0.2089892327785492,0.21758949756622317
10.955767948432985,0.006234761793166399,0.21530238075647504
10.962436096910425,0.4583491086959839,0.23622522766236217
10.969104245387864,0.0273484755307436,0.2368552292929962
10.975772393865304,1.8099126815795898,0.32064248651731764
10.982440542342744,0.08721252530813217,0.3244114307919517
10.989108690820183,0.011294519528746605,0.3087271825643257
10.995776839297623,0.02629537507891655,0.30933162646833806
11.002444987775062,0.03187960758805275,0.3085148127982392
11.009113136252502,0.011008827947080135,0.2897884757956489
11.015781284729941,0.3081561028957367,0.3030666043749079
11.02244943320738,2.1719415187835693,0.4054855955531821
11.029117581684819,1.302994728088379,0.4673373052617535
11.035785730162258,0.2467717081308365,0.47638944850768894
11.042453878639698,0.02817768044769764,0.46966575856786225
11.049122027117138,0.02762475237250328,0.43904966420959685
11.055790175594577,1.1793501377105713,0.4946089100791141
11.062458324072017,0.7725868225097656,0.5320454018888996
11.069126472549456,0.011506428942084312,0.43850873836781834
11.075794621026896,0.12588194012641907,0.4426758467918262
11.082462769504335,0.023912865668535233,0.4334220284363255
11.089130917981775,0.46409615874290466,0.45631509828381245
11.095799066459215,0.15830230712890625,0.4413127582054585
11.102467214936652,0.02470504306256771,0.4411805865820497
11.109135363414092,0.034748006612062454,0.35242235283367335
11.115803511891531,0.012668737210333347,0.3486951634287834
11.122471660368971,0.1909322291612625,0.3576770489104092
11.12913980884641,0.15594862401485443,0.3641597113572061
11.13580795732385,0.40904057025909424,0.3830177594907581
11.14247610580129,0.03429601341485977,0.3841821187641471
11.14914425427873,0.19593320786952972,0.3785709740128368
11.155812402756169,0.018316881731152534,0.270889742160216
11.162480551233608,0.40474727749824524,0.2259773696307093
11.169148699711048,0.14720509946346283,0.22099903919734062
11.175816848188488,0.06256210803985596,0.22271826057694855
11.182484996665927,0.02866503968834877,0.22277027494274082
11.189153145143365,0.10453198850154877,0.1690293674822897
11.195821293620805,0.038302525877952576,0.13231515265069901
11.202489442098244,0.07065524160861969,0.13527259328402577
11.209157590575684,0.4934079349040985,0.15364889302290977
11.215825739053123,0.621302604675293,0.18351837997324766
11.222493887530563,0.4563027620315552,0.18312871013768017
11.229162036008002,0.7110723853111267,0.21076721404679122
11.235830184485442,0.17994990944862366,0.218529457366094
11.242498332962882,0.13201740384101868,0.2233929272275418
11.249166481440321,1.2660417556762695,0.2860615781508386
11.25583462991776,0.39335256814956665,0.2961825951002538
11.2625027783952,0.310802698135376,0.3039252988062799
11.269170926872638,0.7006058096885681,0.3185035607777536
11.275839075350078,0.1171768456697464,0.32264760239049795
11.282507223827517,0.09613750874996185,0.31765781743451954
11.289175372304957,0.025393374264240265,0.3180116420611739
11.295843520782396,1.2736577987670898,0.36145716812461615
11.302511669259836,0.014094521291553974,0.3548016392160207
11.309179817737276,0.045857977122068405,0.3539664326701313
11.315847966214715,0.37343496084213257,0.37120492872782057
11.322516114692155,0.02036787010729313,0.3669967228081078
11.329184263169594,0.0835581049323082,0.36925950176082556
11.335852411647034,0.09862849861383438,0.37065816461108625
11.342520560124473,0.004808757454156876,0.34622820573858915
11.349188708601913,0.06727738678455353,0.3185269448440522
11.35585685707935,0.10727520287036896,0.3010755668859929
11.36252500555679,0.0773530974984169,0.2693896024953574
11.36919315403423,0.30762913823127747,0.27577356393449015
11.37586130251167,0.040638282895088196,0.2712046078871936
11.382529450989109,0.02022375538945198,0.20891370787285268
11.389197599466549,0.04312729835510254,0.19140244438312948
11.395865747943988,0.0905788242816925,0.18039125069044532
11.402533896421428,1.5515109300613403,0.22293650670908394
11.409202044898867,0.048339322209358215,0.2194946305360645
11.415870193376307,0.016448786482214928,0.2155101944226772
11.422538341853747,0.39162677526474,0.2338218644727022
11.429206490331186,0.22246742248535156,0.18126234565861526
11.435874638808626,0.04065027832984924,0.18259013351053002
11.442542787286063,0.09828196465969086,0.18521133288741118
11.449210935763503,0.519957959651947,0.19253748282790187
11.455879084240943,0.03194702789187431,0.19311644071713094
11.462547232718382,0.3471043109893799,0.20629375101998454
11.469215381195822,0.012603246606886387,0.20199248841963713
11.475883529673261,0.051991283893585205,0.20435161474160854
11.4825516781507,0.18886977434158325,0.21043123411946005
11.48921982662814,0.9891471266746521,0.2545248303096742
11.49588797510558,0.012265893630683422,0.2512704701162875
11.50255612358302,0.3204686939716339,0.25191244790330536
11.50922427206046,0.009024607948958874,0.25033176415599884
11.515892420537899,0.0417177639901638,0.25140646458603444
11.522560569015337,0.17583328485488892,0.25804176391102374
11.529228717492776,0.2215997874736786,0.264592812070623
11.535896865970216,2.5231823921203613,0.3131763851735741
11.542565014447655,0.053564898669719696,0.31343766399659223
11.549233162925095,0.1159476488828659,0.3184126071166248
11.555901311402534,0.010541120544075966,0.2993583243805916
11.562569459879974,0.051453519612550735,0.2908076292369515
11.569237608357414,0.03412897139787674,0.29048156389035285
11.575905756834853,0.05507982522249222,0.288321456918493
11.582573905312293,0.022096479311585426,0.26342838290147486
11.589242053789732,0.12256886065006256,0.2679594745393843
11.595910202267172,0.10254356265068054,0.25573143712244933
11.602578350744611,0.02049693837761879,0.2561261217109859
11.60924649922205,0.02238401025533676,0.25464575802907347
11.615914647699489,1.7078357934951782,0.3305940589867532
11.622582796176928,0.026635421440005302,0.2824684737250209
11.629250944654368,0.0559675432741642,0.28465355620719496
11.635919093131808,0.6633299589157104,0.3017966194543988
11.642587241609247,0.10791221261024475,0.3067409996874631
11.649255390086687,0.5865612626075745,0.3339831746183336
11.655923538564126,0.02544593997299671,0.32646380737423897
11.662591687041566,0.12485621869564056,0.32162662893533706
11.669259835519005,0.13611207902431488,0.20227311328053474
11.675927983996445,0.190992534160614,0.20914449505507945
11.682596132473885,2.0272064208984375,0.304707433655858
11.689264280951322,0.15055009722709656,0.3117078824900091
11.695932429428762,0.48950064182281494,0.33361023860052236
11.702600577906201,0.05466315522789955,0.33463694779202346
11.709268726383641,0.18410885334014893,0.3410883991979063
11.71593687486108,0.7674853801727295,0.3783578442409635
11.72260502333852,0.41221752762794495,0.3928402775898576
11.72927317181596,0.5437751412391663,0.4149018565192819
11.7359413202934,0.20355650782585144,0.42405483499169355
11.742609468770839,0.4006144404411316,0.44296635650098326
11.749277617248278,0.03394105285406113,0.35927161946892744
11.755945765725718,0.03808660805225372,0.3598441787995398
11.762613914203158,0.05726490169763565,0.3599090467207134
11.769282062680597,0.24893799424171448,0.3391894484870136
11.775950211158035,1.0689489841461182,0.3872412870638073
11.782618359635475,0.04484917223453522,0.36015568254515534
11.789286508112914,0.021956343203783035,0.35998120270669465
11.795954656590354,0.06056031584739685,0.35676640756428246
11.802622805067793,0.16155198216438293,0.35803840272128584
11.809290953545233,0.9400611519813538,0.3954918336123228
11.815959102022672,0.4678565561771393,0.31752434037625793
11.822627250500112,2.222817897796631,0.4211377304047346
11.829295398977552,0.011515706777572632,0.3972384836524725
11.835963547454991,0.06396448612213135,0.3977035501971841
11.84263169593243,0.014803022146224976,0.3892382586374879
11.84929984440987,0.05460609123110771,0.3535942941904068
11.855967992887308,0.08530187606811523,0.3372485116124153
11.862636141364748,0.5825656652450562,0.3391880378127098
11.869304289842187,0.01504566427320242,0.32976249563507737
11.875972438319627,0.3272455036640167,0.3260940487962216
11.882640586797066,0.31793472170829773,0.34029373223893344
11.889308735274506,0.44221118092536926,0.3604999608825892
11.895976883751946,0.43540892004966736,0.3794071618001908
11.902645032229385,0.15695685148239136,0.37480810466222464
11.909313180706825,0.2363462746143341,0.3331779691856354
11.915981329184264,0.3248274326324463,0.347176882205531
11.922649477661704,0.07944074273109436,0.35005110218189656
11.929317626139143,0.8999447822570801,0.39202032550238075
11.935985774616583,0.09080453962087631,0.38848295337520544
11.94265392309402,1.0168474912643433,0.39232227033935496
11.94932207157146,0.21598437428474426,0.3797286612447352
11.9559902200489,0.311413049697876,0.2841584188397974
11.96265836852634,0.09254171699285507,0.28820971935056156
11.969326517003779,0.058304380625486374,0.28792671407572934
11.975994665481219,0.15673618018627167,0.2950233719777317
11.982662813958658,0.017796345055103302,0.29318288466893144
11.989330962436098,0.06165654584765434,0.2920006181579084
11.995999110913537,0.09159279614686966,0.26745197470299903
12.002667259390977,0.03914452716708183,0.268656917847693
12.009335407868416,0.09727013856172562,0.25715814959257843
12.016003556345856,0.003062297124415636,0.24141452836338434
12.022671704823294,0.44673851132392883,0.2416408948833123
12.029339853300733,0.02403290569782257,0.22107209416572005
12.036008001778173,0.3860485553741455,0.23252667936030774
12.042676150255613,0.19381162524223328,0.2303999468917027
12.049344298733052,0.07144821435213089,0.21773098597768697
12.056012447210492,0.2601863145828247,0.2267682645702735
12.062680595687931,0.43165507912635803,0.20335377941373736
12.06934874416537,1.2530289888381958,0.26146500187460336
12.07601689264281,0.027166616171598434,0.21198095811996612
12.08268504112025,0.004720197059214115,0.2014177492586896
12.08935318959769,0.040593333542346954,0.18787676345091314
12.09602133807513,0.12314477562904358,0.1894069163827226
12.102689486552569,0.021304268389940262,0.1875569107709453
12.109357635030007,0.009712105616927147,0.18020570704247804
12.116025783507446,0.02698003500699997,0.18066489154007287
12.122693931984886,0.05606455355882645,0.1803852919256315
12.129362080462325,0.21820224821567535,0.18671576452907176
12.136030228939765,0.021833546459674835,0.1858502154937014
12.142698377417204,0.5286582708358765,0.20741962210740897
12.149366525894644,0.7765802145004272,0.24609551797620957
12.156034674372084,0.41415512561798096,0.24446634869091216
12.162702822849523,0.0039730677381157875,0.2434633567929268
12.169370971326963,0.023286644369363785,0.2253252612426877
12.176039119804402,0.6916957497596741,0.2502194674685597
12.182707268281842,0.18619845807552338,0.2559569796547294
12.189375416759281,0.11175686866044998,0.24853550735861063
12.19604356523672,0.13597093522548676,0.23375130016356707
12.202711713714159,0.0037433861289173365,0.17128702002810312
12.209379862191598,0.1302052140235901,0.1764389499207027
12.216048010669038,0.09908176213502884,0.18115702817449345
12.222716159146477,0.04686693102121353,0.18147070804843676
12.229384307623917,0.7849751710891724,0.21456222782144319
12.236052456101357,0.34828299283981323,0.23091116404393688
12.242720604578796,0.18785840272903442,0.23981847889954225
12.249388753056236,0.788392961025238,0.27788912520045417
12.256056901533675,0.023639045655727386,0.2762678498052992
12.262725050011115,0.7177834510803223,0.3012469099485316
12.269393198488554,0.04261269420385361,0.3022858673357406
12.276061346965992,0.1497567594051361,0.2833407917642035
12.282729495443432,1.0718798637390137,0.2981057742261328
12.289397643920871,0.41933518648147583,0.29836477726930755
12.296065792398311,0.11987760663032532,0.304160004213918
12.30273394087575,0.04448828101158142,0.30522008604602885
12.30940208935319,0.34517648816108704,0.2878941229660995
12.31607023783063,0.358644962310791,0.29651644817786293
12.32273838630807,0.009970979765057564,0.2914271537330933
12.329406534785509,1.1282010078430176,0.3410386573639699
12.336074683262948,0.2805764377117157,0.35488030994310976
12.342742831740388,2.128816604614258,0.4548108794726431
12.349410980217828,0.037869643419981,0.4517502735368908
12.356079128695267,0.8813516497612,0.49347450947389004
12.362747277172705,0.08489811420440674,0.45847065662965186
12.369415425650145,0.13089878857135773,0.447601446416229
12.376083574127584,0.018874380737543106,0.43915224531665453
12.382751722605024,0.18120473623275757,0.40879283407703043
12.389419871082463,1.1461503505706787,0.464918399322778
12.396088019559903,0.005521818995475769,0.42930531771853564
12.402756168037342,0.09618772566318512,0.4319840692915022
12.409424316514782,0.1294628083705902,0.43096937173977495
12.416092464992222,0.0250676479190588,0.37862876094877723
12.422760613469661,0.03218100965023041,0.359271052107215
12.4294287619471,0.17471054196357727,0.36201269887387766
12.43609691042454,0.04415981471538544,0.36199627555906777
12.442765058901978,0.021618276834487915,0.34581836499273777
12.449433207379418,0.3995703458786011,0.34786463417112834
12.456101355856857,0.10365143418312073,0.3525486568920315
12.462769504334297,0.06733571738004684,0.29950539236888296
12.469437652811736,0.0029507160652428865,0.2856241062865593
12.476105801289176,0.021015062928199768,0.1802340292022564
12.482773949766615,0.013208159245550632,0.17900095499353488
12.489442098244055,1.6960598230361938,0.21973636365728458
12.496110246721495,0.20704315602779388,0.22584361574845394
12.502778395198934,0.0042785415425896645,0.2195126033970155
12.509446543676374,0.02307221293449402,0.21972249500686303
12.516114692153813,0.07466544955968857,0.2143955306732096
12.522782840631253,0.12097455561161041,0.16313674092525615
12.52945098910869,0.019474763423204422,0.1638343881466426
12.53611913758613,0.11250418424606323,0.16465021107578653
12.54278728606357,0.006461538374423981,0.1585001475759782
12.54945543454101,0.02108081802725792,0.15830080608138816
12.556123583018449,0.33994752168655396,0.17368913168320432
12.562791731495889,0.16407546401023865,0.17315737778553741
12.569459879973328,0.45147496461868286,0.19352313528070228
12.576128028450768,0.21511967480182648,0.20319820517906917
12.582796176928207,0.3930538296699524,0.20287237936863678
12.589464325405647,0.1385820060968399,0.20461890796432275
12.596132473883086,0.12503047287464142,0.20750364573905247
12.602800622360526,0.03246796503663063,0.20897950818762187
12.609468770837964,0.491900771856308,0.23252379363402725
12.616136919315403,0.2111661285161972,0.24242169209755957
12.622805067792843,0.7108210921287537,0.19315975555218756
12.629473216270283,0.02626097947359085,0.1841206467244774
12.636141364747722,0.05010645464062691,0.18641204237937928
12.642809513225162,0.02156754955649376,0.1863368092104793
12.649477661702601,0.017965689301490784,0.1835018211975694
12.65614581018004,0.04158049821853638,0.17953211832791569
12.66281395865748,0.04941868782043457,0.18102931454777718
12.66948210713492,0.02850133366882801,0.1768291720189154
12.67615025561236,0.11342932283878326,0.18217756124213338
12.682818404089799,0.07244419306516647,0.18474572999402883
12.689486552567239,0.020566426217556,0.16877667522057893
12.696154701044676,1.0899676084518433,0.21507128244265916
12.702822849522116,0.026126492768526077,0.1938038588501513
12.709490997999556,0.8552887439727783,0.22581231230869891
12.716159146476995,0.019073598086833954,0.207113300729543
12.722827294954435,0.6641015410423279,0.2333892774768174
12.729495443431874,0.6379316449165344,0.259034336078912
12.736163591909314,0.008422343991696835,0.25783205502666534
12.742831740386753,0.1471947580575943,0.2405967543367297
12.749499888864193,0.023597953841090202,0.23121834560297436
12.756168037341633,0.036027684807777405,0.1974786752369255
12.762836185819072,0.6553617119789124,0.22893371186219158
12.769504334296512,0.0009713697363622487,0.2264769576169783
12.776172482773951,0.046568479388952255,0.22772700410860122
12.78284063125139,0.096877820789814,0.23167261068301742
12.789508779728829,1.500037431716919,0.3045954573579366
12.796176928206268,0.03877444192767143,0.3040632450632984
12.802845076683708,0.23859083652496338,0.3145677202061052
12.809513225161147,0.008555621840059757,0.30932403515616896
12.816181373638587,0.010321687906980515,0.3062179098982597
12.822849522116027,0.20842206478118896,0.3156106918264413
12.829517670593466,0.16334784030914307,0.26927970341930624
12.836185819070906,0.16282758116722107,0.27611475783924105
12.842853967548345,0.036756936460733414,0.23518816746363885
12.849522116025785,0.10854118317365646,0.23966154671797998
12.856190264503224,0.2547983229160309,0.21919638581166512
12.862858412980662,0.1223868727684021,0.19341914720425848
12.869526561458102,0.03241324797272682,0.19461869240331
12.876194709935541,0.416961669921875,0.20810703799652402
12.882862858412981,0.02730962261557579,0.2082926214352483
12.88953100689042,0.06231022626161575,0.20960674850794025
12.89619915536786,0.5031852722167969,0.20199792651983448
12.9028673038453,0.5677138566970825,0.23033505086787046
12.90953545232274,0.011208945885300636,0.22856707419268785
12.916203600800179,0.006657603662461042,0.22405606333632022
12.922871749277618,0.11566008627414703,0.15483719606418161
12.929539897755058,0.03237169235944748,0.15451705858577042
12.936208046232498,0.012820277363061905,0.14322853062767535
12.942876194709937,0.0976429358124733,0.14768289632629603
12.949544343187375,0.03696553409099579,0.1490150886354968
12.956212491664814,0.035117220133543015,0.14034984640311451
12.962880640142254,0.10640028119087219,0.13750246844720096
12.969548788619694,0.0686444491147995,0.1327933118445799
12.976216937097133,0.526524543762207,0.1572816922096536
12.982885085574573,0.24082154035568237,0.16389571006875486
12.989553234052012,0.01133361179381609,0.15172247451264412
12.996221382529452,0.1356380730867386,0.15238503452856095
13.002889531006891,0.5704949498176575,0.17928911962080749
13.009557679484331,0.0505133718252182,0.16096670471597466
13.01622582796177,0.05339747667312622,0.16227109741885215
13.02289397643921,0.05552254617214203,0.16193171341437848
13.029562124916648,0.28173986077308655,0.15085944284219296
13.036230273394088,0.0034615451004356146,0.12264682726236062
13.042898421871527,0.008466844446957111,0.12250972219044343
13.049566570348967,0.4215024411678314,0.14325196406571195
13.056234718826406,1.9535422325134277,0.23514607137767599
13.062902867303846,0.14213615655899048,0.24063429458765315
13.069571015781285,0.07401595264673233,0.24369407835183665
13.076239164258725,0.053632721304893494,0.24149356762645768
13.082907312736165,1.34845769405365,0.3070681756245904
13.089575461213604,1.309489369392395,0.370786783087533
13.096243609691044,0.45277631282806396,0.38810558466939254
13.102911758168483,0.23154741525650024,0.39625073297647756
13.109579906645923,1.7956355810165405,0.45970628483919423
13.11624805512336,0.13732291758060455,0.45453135370044034
13.1229162036008,0.30700868368148804,0.46931510729482395
13.12958435207824,0.0580345094203949,0.46543492911150675
13.13625250055568,0.27861836552619934,0.45084109989693394
13.142920649033119,0.09366939961910248,0.4529989012866282
13.149588797510559,0.2044365406036377,0.46055085448315375
13.156256945987998,0.05305836349725723,0.4604276453494095
13.162925094465438,0.6920055150985718,0.4809409280656837
13.169593242942877,0.03247943893074989,0.48239182275719944
13.176261391420317,0.09104831516742706,0.486520896293223
13.182929539897756,0.04479050636291504,0.46768529955297716
13.189597688375196,0.01673617586493492,0.3708449967205525
13.196265836852634,0.37725377082824707,0.38260087743401533
13.202933985330073,0.17414307594299316,0.38760723359882837
13.209602133807513,0.46696820855140686,0.40827400796115404
13.216270282284952,0.11175496876239777,0.34643887169659143
13.222938430762392,0.022232014685869217,0.2820760039612651
13.229606579239832,0.0032031708396971226,0.25959734686184677
13.236274727717271,0.05349402874708176,0.25069467753637587
13.24294287619471,0.006862482521682978,0.161256022611633
13.24961102467215,0.05288374796509743,0.15703406413085763
13.25627917314959,0.04727489873766899,0.14404737488366665
13.26294732162703,0.08258706331253052,0.14527500257827342
13.269615470104469,0.6055111289024353,0.16161964074708524
13.276283618581909,0.046871159225702286,0.1592797287274152
13.282951767059346,0.027586456388235092,0.15043722451664507
13.289619915536786,0.045564234256744385,0.15006251805461943
13.296288064014226,0.021893125027418137,0.11655689855106176
13.302956212491665,0.05349542945623398,0.11760769807733595
13.309624360969105,0.013792666606605053,0.11374491564929487
13.316292509446544,0.018774280324578285,0.11244410434737803
13.322960657923984,0.011116372421383858,0.11216311417520049
13.329628806401423,0.03917189687490463,0.09525902047753335
13.336296954878863,0.059552088379859924,0.0895294710993767
13.342965103356303,0.8152347207069397,0.10694279670715334
13.349633251833742,0.017287269234657288,0.1022194117307663
13.356301400311182,0.048891015350818634,0.10355236176401378
13.362969548788621,0.1903066486120224,0.11290753565263005
13.369637697266059,1.005671501159668,0.1605164092732594
13.376305845743499,0.02318033203482628,0.16133230174891652
13.382973994220938,0.8431758284568787,0.20084690577350556
13.389642142698378,0.017604732885956764,0.19936339748091997
13.396310291175817,0.08116596192121506,0.19929234241135418
13.402978439653257,0.194152370095253,0.17872440447099508
13.409646588130697,0.1626192331314087,0.1845118081662804
13.416314736608136,0.015716373920440674,0.1839183040428907
13.422982885085576,0.12729652225971222,0.18800491844303907
13.429651033563015,0.531719446182251,0.2134962345007807
13.436319182040455,0.05531260743737221,0.21358709339983764
13.442987330517894,0.3747345805168152,0.23163418909534814
13.449655478995332,0.3715939223766327,0.24927517119795084
13.456323627472772,0.034402623772621155,0.2504394837655127
13.462991775950211,0.0416949987411499,0.250565638858825
13.469659924427651,0.047008369117975235,0.24993845289573074
13.47632807290509,0.13100986182689667,0.2157272099517286
13.48299622138253,0.03446377068758011,0.2165860350243747
13.48966436985997,0.015879640355706215,0.21493546627461907
13.49633251833741,1.2732691764831543,0.2690835926681757
13.503000666814849,0.12459831684827805,0.2250299334526062
13.509668815292288,0.15652602910995483,0.2316972183063626
13.516336963769728,0.020727505907416344,0.1905748021788895
13.523005112247168,0.021427061408758163,0.19076591860502956
13.529673260724607,0.005305721890181303,0.1869729066034779
13.536341409202045,0.06604340672492981,0.18056745843496175
13.543009557679484,0.004057220183312893,0.17263935778755696
13.549677706156924,0.22952117025852203,0.18332959760446102
13.556345854634364,0.3421865999698639,0.19407410148996856
13.563014003111803,0.02523479424417019,0.16874986889306456
13.569682151589243,0.16336283087730408,0.17415238006506115
13.576350300066682,0.038423653692007065,0.1573368337238207
13.583018448544122,0.24951817095279694,0.15123304615262895
13.589686597021561,0.2725372910499573,0.16313977951649578
13.596354745499001,0.43623435497283936,0.18286674732808025
13.60302289397644,1.2758188247680664,0.24430727011058484
13.60969104245388,0.13762295246124268,0.2446379246423021
13.616359190931318,0.006290367338806391,0.2432292544748634
13.623027339408758,0.07049929350614548,0.24596023713238538
13.629695487886197,0.02251480147242546,0.18342251838184895
13.636363636363637,0.008923533372581005,0.17763877920806412
13.643031784841076,0.36487847566604614,0.18805640153586867
13.649699933318516,0.25424855947494507,0.1997324542142451
13.656368081795955,0.022865207865834236,0.1998043615370989
13.663036230273395,0.005703635048121214,0.19982425719499586
13.669704378750835,0.5073428153991699,0.22188922762870786
13.676372527228274,0.38249245285987854,0.2408109892625362
13.683040675705714,0.19954679906368256,0.2393122707027942
13.689708824183153,0.06559088081121445,0.22548248474486174
13.696376972660593,0.2820243239402771,0.23832196122966703
13.70304512113803,0.7155940532684326,0.2659335223492235
13.70971326961547,0.021399928256869316,0.2650823360774666
13.71638141809291,0.019305912777781487,0.25357172316871585
13.72304956657035,0.013107436709105968,0.24060023045167334
13.729717715047789,0.17023500800132751,0.22730026310309773
13.736385863525229,0.1537322849035263,0.17119593610987072
13.743054012002668,0.296875,0.17915853848680854
13.749722160480108,0.0031235713977366686,0.17900019868975506
13.756390308957547,0.2546636462211609,0.18820841632550583
13.763058457434987,0.3980776071548462,0.2069865566096269
13.769726605912426,0.0867406502366066,0.21087741245282818
13.776394754389866,0.167861208319664,0.20102654908550907
13.783062902867304,0.0745600014925003,0.19204212118638678
13.789731051344743,0.20430397987365723,0.20111405978677793
13.796399199822183,0.04844122380018234,0.203250939224381
13.803067348299622,0.020323047414422035,0.17889995082514362
13.809735496777062,0.2708997130393982,0.1733203138341196
13.816403645254502,0.5936024785041809,0.19302309780614452
13.823071793731941,0.2689671516418457,0.20319191134767609
13.82973994220938,0.007435255218297243,0.18946245791157706
13.83640809068682,0.5986906290054321,0.18361728669842706
13.84307623916426,0.2784116864204407,0.1964678746066056
13.8497443876417,0.006390094757080078,0.19582208370557055
13.856412536119139,0.6704860925674438,0.22869101649848744
13.863080684596579,0.15694180130958557,0.22802635616390035
13.869748833074016,0.017944354563951492,0.2212369596469216
13.876416981551456,0.01070968247950077,0.20692869377089665
13.883085130028896,0.10762637853622437,0.21215383412782102
13.889753278506335,1.5395781993865967,0.2763995617860928
13.896421426983775,0.33114731311798096,0.27305304708424954
13.903089575461214,0.07758856564760208,0.2725954428547993
13.909757723938654,0.015428494662046432,0.26497380717191843
13.916425872416093,0.010741153731942177,0.26178286478389057
13.923094020893533,0.014520000666379929,0.25229366582352675
13.929762169370973,0.029065804556012154,0.2513248948613182
13.936430317848412,0.8643423914909363,0.2935258620651439
13.943098466325852,0.03937797248363495,0.28194977503735574
13.94976661480329,0.21133576333522797,0.2628364392789081
13.956434763280729,0.049901433289051056,0.2518831533612684
13.963102911758169,0.034790586680173874,0.25325091993436216
13.969771060235608,0.04728557541966438,0.22568066725507382
13.976439208713048,0.5210837125778198,0.2378142685629428
13.983107357190487,0.316067636013031,0.2532981456257404
13.989775505667927,0.12535656988620758,0.2260416694916785
13.996443654145367,0.27318426966667175,0.2318537929095328
14.003111802622806,0.0705520287156105,0.23448417661711576
14.009779951100246,0.17989210784435272,0.24294329788535832
14.016448099577685,0.14916665852069855,0.24502031188458206
14.023116248055125,0.006859914865344763,0.16838439765851945
14.029784396532564,0.06997574865818024,0.15532581943552942
14.036452545010002,0.020366527140140533,0.15246471751015633
14.043120693487442,0.19794677197933197,0.16159063137602062
14.049788841964881,0.02405567839741707,0.16225635760929435
14.05645699044232,0.09330963343381882,0.16619583924766632
14.06312513891976,0.10459287464618683,0.16997219275217507
14.0697932873972,0.034266337752342224,0.12846839006524532
14.07646143587464,0.045865558087825775,0.1287927693454549
14.08312958435208,0.008922306820750237,0.11867209651973099
14.089797732829519,0.022308850660920143,0.11729246738832444
14.096465881306958,0.008936921134591103,0.11599978411104529
14.103134029784398,0.20285585522651672,0.1237782981013879
14.109802178261837,0.01774374581873417,0.09861129976343362
14.116470326739277,0.5202041268348694,0.10881812430452556
14.123138475216715,0.06743786484003067,0.1059221890522167
14.129806623694154,0.06325681507587433,0.09542581632267684
14.136474772171594,0.10458223521709442,0.09712732664775105
14.143142920649034,0.1038108691573143,0.09332326471339912
14.149811069126473,0.24898463487625122,0.09831416353117675
14.156479217603913,0.08550954610109329,0.10224664509296416
14.163147366081352,0.01904013566672802,0.09969986444339156
14.169815514558792,0.1571030616760254,0.1065366911701858
14.176483663036231,0.004169216379523277,0.09684781339019537
14.183151811513671,0.25204238295555115,0.10824714861810208
14.18981995999111,0.025812912732362747,0.10487231258302929
14.19648810846855,0.01010874379426241,0.10014810604043306
14.203156256945988,1.0686675310134888,0.15186816570349038
14.209824405423428,0.1026749312877655,0.1547086343634874
14.216492553900867,0.23966273665428162,0.16624565585516393
14.223160702378307,0.09520778059959412,0.16989060235209766
14.229828850855746,0.018353188410401344,0.17036141571588817
14.236496999333186,0.15007059276103973,0.16772215259261433
14.243165147810625,0.07421399652957916,0.17054566512815655
14.249833296288065,0.7452772259712219,0.18179932008497418
14.256501444765505,0.045727744698524475,0.18071381407789885
14.263169593242944,0.6248793005943298,0.20879493835382165
14.269837741720384,0.031954873353242874,0.20516357026062906
14.276505890197823,0.060506775975227356,0.2029983656015247
14.283174038675263,0.15303656458854675,0.1982009620871395
14.2898421871527,0.013693760149180889,0.1946101727895439
14.29651033563014,0.027189340442419052,0.19501763302832845
14.30317848410758,0.8594188690185547,0.2301334233954549
14.30984663258502,1.7038302421569824,0.31511647468432785
14.316514781062459,1.4986883401870728,0.377448772545904
14.323182929539898,0.005325747188180685,0.3764244142686949
14.329851078017338,0.03745052218437195,0.3777915031882004
14.336519226494778,1.707966685295105,0.4097564609022812
14.343187374972217,0.06573169678449631,0.4079092991771177
14.349855523449657,0.1368185579776764,0.40276709024328744
14.356523671927096,0.03675331175327301,0.3998443668009713
14.363191820404536,0.025727948173880577,0.4002131047891453
14.369859968881974,0.3462974727153778,0.4100244487868622
14.376528117359413,2.2798917293548584,0.5203083354281262
14.383196265836853,0.49744024872779846,0.507916486565955
14.389864414314292,0.9700547456741333,0.5541328366147354
14.396532562791732,0.0830739289522171,0.5270425680326298
14.403200711269172,0.12510298192501068,0.5316999734612182
14.409868859746611,0.02483373135328293,0.529916321230121
14.41653700822405,0.14026585221290588,0.529277785611339
14.42320515670149,1.1147305965423584,0.5843296274309978
14.42987330517893,0.014896509237587452,0.5837149858707563
14.43654145365637,1.14242422580719,0.5978652537101881
14.443209602133809,0.044006433337926865,0.5148740632692351
14.449877750611249,0.005458418279886246,0.4402125671738759
14.456545899088686,0.0767848864197731,0.44378552413545547
14.463214047566126,0.6520483493804932,0.47451541549526155
14.469882196043566,0.14223864674568176,0.3962290135677904
14.476550344521005,0.2615274488925934,0.40601880117319517
14.483218492998445,1.6304231882095337,0.4806990326847881
14.489886641475884,0.06936299055814743,0.4823295166250318
14.496554789953324,0.06367920339107513,0.4842270793858916
14.503222938430763,0.10754237323999405,0.4722893244121224
14.509891086908203,0.03209492564201355,0.3598994842264801
14.516559235385643,0.024304915219545364,0.3362427175510675
14.523227383863082,0.3109813630580902,0.30328904842026533
14.529895532340522,0.6600437164306641,0.33213753779418764
14.53656368081796,0.10597464442253113,0.33118112091906365
14.543231829295399,0.04801047965884209,0.33233995833434166
14.549899977772839,0.7796404957771301,0.3643086905125529
14.556568126250278,0.0652010440826416,0.311832212889567
14.563236274727718,0.1792059987783432,0.32004768736660477
14.569904423205157,0.04386110603809357,0.26511953137815
14.576572571682597,1.5719188451766968,0.3415151519700885
14.583240720160036,0.036569539457559586,0.34307070802897216
14.589908868637476,0.48582717776298523,0.36352282259613283
14.596577017114916,0.06099743768572807,0.33397027701139453
14.603245165592355,0.1725895255804062,0.33548782095313073
14.609913314069795,0.2345622032880783,0.334139558672905
14.616581462547234,0.16661247611045837,0.2609490230679512
14.623249611024672,0.038494184613227844,0.25940558277070525
14.629917759502112,0.012480833567678928,0.2568456642795354
14.636585907979551,0.5317928791046143,0.27805818957276646
14.64325405645699,0.30833908915519714,0.29187039774842566
14.64992220493443,0.18243931233882904,0.2997771176043898
14.65659035341187,0.031640369445085526,0.28581006792373953
14.66325850188931,0.739905059337616,0.2898031350690871
14.66992665036675,0.12716782093048096,0.29086279389448466
14.676594798844189,0.12922798097133636,0.29492366896010935
14.683262947321628,0.07999909669160843,0.2599415990058333
14.689931095799068,0.39079323410987854,0.27622120850719517
14.696599244276507,0.5523179769515991,0.294876807415858
14.703267392753947,0.07874026149511337,0.29662076518870895
14.709935541231385,0.1980915665626526,0.22792940125800668
14.716603689708824,1.0537803173065186,0.2787899401504546
14.723271838186264,0.02610461600124836,0.2558038120623678
14.729939986663704,0.04132319614291191,0.254820099985227
14.736608135141143,0.2303365021944046,0.2577074488159269
14.743276283618583,0.2466752976179123,0.2583131035324186
14.749944432096022,0.013432923704385757,0.250654125912115
14.756612580573462,0.05146636441349983,0.25130273490212857
14.763280729050901,0.061632879078388214,0.25376033717766405
14.769948877528341,0.6431089639663696,0.25932614142075183
14.77661702600578,0.6519944667816162,0.27650891030207275
14.78328517448322,0.1272232085466385,0.2737481051124632
14.789953322960658,0.05224229395389557,0.27477820133790376
14.796621471438097,0.35724353790283203,0.25564512526616456
14.803289619915537,0.05422896146774292,0.2519981822930277
14.809957768392977,0.13942456245422363,0.252508011367172
14.816625916870416,0.3915204703807831,0.2680840800516307
14.823294065347856,0.01895894482731819,0.24949236558750268
14.829962213825295,0.062215883284807205,0.22498726090416313
14.836630362302735,0.37061890959739685,0.23958119330927727
14.843298510780174,0.47559332847595215,0.25345628140494225
14.849966659257614,0.05785321071743965,0.20365992607548833
14.856634807735054,0.010200698859989643,0.20286473021842538
14.863302956212493,0.18945859372615814,0.21027150009758772
14.869971104689933,0.7153381109237671,0.23452158053405583
14.87663925316737,0.0952986627817154,0.226952748792246
14.88330740164481,1.0106643438339233,0.2768143197987229
14.88997555012225,0.04169626161456108,0.2763258146587759
14.89664369859969,0.05358318239450455,0.27592332982458173
14.903311847077129,0.09727226942777634,0.2486314950976521
14.909979995554568,0.001868142280727625,0.21612517887260765
14.916648144032008,0.029490958899259567,0.21123856639023872
14.923316292509448,0.0313444621860981,0.21019367480184886
14.929984440986887,0.6084513068199158,0.22275406324770305
14.936652589464327,0.03327192738652229,0.221706211543642
14.943320737941766,0.06359019875526428,0.21791449335869406
14.949988886419206,0.09797399491071701,0.20323716958519078
14.956657034896644,0.012400638312101364,0.2029092542594299
14.963325183374083,0.32527562975883484,0.21606224158313128
14.969993331851523,0.681134045124054,0.23158799835946411
14.976661480328962,0.20491313934326172,0.2180539889028296
14.983329628806402,0.06040867418050766,0.218181762075983
14.989997777283842,0.11574400961399078,0.22345892761368305
14.996665925761281,1.3947190046310425,0.28372194815892726
15.00333407423872,0.6694932579994202,0.28142970551270996
15.01000222271616,0.2841975688934326,0.29087465081829583
15.0166703711936,0.0300097968429327,0.24184192346874625
15.02333851967104,0.008855256251990795,0.24019987320061773
15.030006668148479,0.0866084024310112,0.24185113420244306
15.036674816625919,0.03990399092435837,0.23898272027727213
15.043342965103356,1.360700011253357,0.3069243137259036
15.050011113580796,0.008767304010689259,0.30588813098147516
15.056679262058235,0.3353547155857086,0.3210886436514557
15.063347410535675,1.4333240985870361,0.3623322832398117
15.070015559013115,0.025372358039021492,0.3619373047724367
15.076683707490554,0.04402085766196251,0.3609588377177716
15.083351855967994,0.03234260901808739,0.3576772684231401
15.090020004445433,0.5241044163703918,0.3832624573260547
15.096688152922873,0.840860903263092,0.4090417210012675
15.103356301400312,0.05690760165452957,0.3778303988277913
15.110024449877752,0.604866623878479,0.39782807305455214
15.116692598355192,0.1374005675315857,0.40167766772210606
15.12336074683263,0.07716194540262222,0.3997485645115377
15.130028895310069,0.2404329478740692,0.34203426167368894
15.136697043787509,0.7368120551109314,0.3454002015292645
15.143365192264948,0.8733766078948975,0.37485915347933774
15.150033340742388,0.0327339805662632,0.37499536266550426
15.156701489219827,0.12845465540885925,0.38097533262334765
15.163369637697267,1.0541647672653198,0.4293531508650631
15.170037786174706,0.21005301177501678,0.437860601907596
15.176705934652146,0.0019680496770888567,0.36992400382878265
15.183374083129586,0.01803521066904068,0.3703873991617002
15.190042231607025,0.0305520948022604,0.3551472681225278
15.196710380084465,0.29651957750320435,0.2983070420683362
15.203378528561904,0.4048773944377899,0.31728229388827467
15.210046677039342,1.1204721927642822,0.37110486064339065
15.216714825516782,0.040736109018325806,0.37152453564340254
15.223382973994221,0.010725141502916813,0.34585557190002875
15.23005112247166,0.024379054084420204,0.3050314794410951
15.2367192709491,1.5150198936462402,0.37793709404068065
15.24338741942654,0.5638959407806396,0.37588855988578873
15.25005556790398,0.023290622979402542,0.3701830626581796
15.256723716381419,0.2373310625553131,0.37819151851581406
15.263391864858859,0.609825849533081,0.3966611635987647
15.270060013336298,0.9050272703170776,0.405071924359072
15.276728161813738,0.20910519361495972,0.37185835364507513
15.283396310291177,0.002570035867393017,0.37035015641013164
15.290064458768617,0.031098201870918274,0.3654823337332346
15.296732607246055,0.04827427491545677,0.3151878091157414
15.303400755723494,0.015139473602175713,0.3054421322070993
15.310068904200934,0.013428363017737865,0.3060151478741318
15.316737052678373,0.3331463038921356,0.32177070253528656
15.323405201155813,0.32058215141296387,0.3362722053658217
15.330073349633253,0.18830788135528564,0.3308616205584258
15.336741498110692,2.9429311752319336,0.45776430959813297
15.343409646588132,0.03396391496062279,0.40343889570795005
15.350077795065571,0.021514756605029106,0.40247782808728516
15.356745943543011,0.031231552362442017,0.40350314863026143
15.36341409202045,0.03954312205314636,0.40426135202869773
15.37008224049789,0.33528921008110046,0.34527481785044073
15.376750388975328,0.11942258477210999,0.3230511500500142
15.383418537452767,0.07138145714998245,0.3254556917585432
15.390086685930207,0.28758344054222107,0.3279683106578886
15.396754834407647,0.24925100803375244,0.3099395685829222
15.403422982885086,0.16344168782234192,0.27286028945818547
15.410091131362526,0.4148648977279663,0.2831482746638358
15.416759279839965,0.2160150557756424,0.29382052565924827
15.423427428317405,0.1268918514251709,0.2986102081369609
15.430095576794844,1.6243494749069214,0.37741396813653405
15.436763725272284,0.05156046897172928,0.3792350179050118
15.443431873749724,0.01993609219789505,0.37956040436401967
15.450100022227163,0.0648188516497612,0.36614403175190097
15.456768170704603,0.13535180687904358,0.35688251452520503
15.46343631918204,0.2118539661169052,0.3580598187632859
15.47010446765948,0.311646044254303,0.22649556221440434
15.47677261613692,0.017962926998734474,0.22569551281630992
15.48344076461436,0.04382963106036186,0.22681125653907658
15.490108913091799,0.02215280383825302,0.22635731911286713
15.496777061569238,0.5662646293640137,0.2526933944784105
15.503445210046678,0.17240247130393982,0.24454905753955247
15.510113358524118,0.06359270215034485,0.2417575634084642
15.516781507001557,0.03904571384191513,0.24014077624306085
15.523449655478997,0.06312121450901031,0.22891766494140028
15.530117803956436,0.376588374376297,0.23528453325852752
15.536785952433876,0.6198176741600037,0.2581033325754106
15.543454100911314,0.013593662530183792,0.23803977081552147
15.550122249388753,0.012588866986334324,0.2278684613760561
15.556790397866193,0.7024950981140137,0.25664862371049824
15.563458546343632,0.10815827548503876,0.18083906373940406
15.570126694821072,0.06329385191202164,0.18142573288641872
15.576794843298511,0.022944271564483643,0.18157614185474813
15.583462991775951,0.4591204524040222,0.20129122189246115
15.59013114025339,0.07185044884681702,0.19811615399084986
15.59679928873083,0.016621466726064682,0.18835452902130778
15.60346743720827,0.16125069558620453,0.1808347615879029
15.61013558568571,0.1166132465004921,0.18576727756299077
15.616803734163149,0.07791216671466827,0.1874714043457061
15.623471882640589,0.21817664802074432,0.19727259655483068
15.630140031118026,0.301489919424057,0.18403386105783281
15.636808179595466,0.0033740540966391563,0.1755824401974678
15.643476328072905,0.2048516571521759,0.18264538794755938
15.650144476550345,0.02671031281352043,0.18202861789613964
15.656812625027785,0.07332387566566467,0.18253875095397235
15.663480773505224,0.16181062161922455,0.1717998633161187
15.670148921982664,0.01699928008019924,0.1416589436121285
15.676817070460103,0.05388620123267174,0.14367357054725288
15.683485218937543,0.6451582908630371,0.17530204174108804
15.690153367414982,0.1462293118238449,0.14748875242657963
15.696821515892422,0.10663964599370956,0.14741282095201316
15.703489664369862,0.02236606553196907,0.14536643163301052
15.7101578128473,0.02141760289669037,0.14529009819962088
15.716825961324739,0.026350583881139755,0.12365160477347673
15.723494109802179,0.006116710137575865,0.12036491783801467
15.730162258279618,0.022692620754241943,0.12066847553942352
15.736830406757058,0.023830614984035492,0.11379747150931507
15.743498555234497,0.08754808455705643,0.1123442134121433
15.750166703711937,0.2738043963909149,0.12213882489595562
15.756834852189376,0.027894020080566406,0.11262469349894673
15.763503000666816,0.03872830793261528,0.09948661292437463
15.770171149144256,0.0397823192179203,0.10130702618043869
15.776839297621695,0.029544483870267868,0.0925416675163433
15.783507446099135,0.038074661046266556,0.09310988492798061
15.790175594576574,0.03294842690229416,0.09109111248981208
15.796843743054012,0.06759573519229889,0.08638036816846581
15.803511891531452,0.437013179063797,0.1073810631176457
15.810180040008891,0.09372138977050781,0.10937282254453749
15.81684818848633,0.1130761057138443,0.08276871328707784
15.82351633696377,0.008222409524023533,0.07586836817208678
15.83018448544121,0.25971147418022156,0.08352195958141237
15.83685263391865,0.10121610015630722,0.08746446131262928
15.843520782396089,0.5430523157119751,0.11354619695339353
15.850188930873529,0.0556316003203392,0.11501024777535349
15.856857079350968,0.14937682449817657,0.12217325349338354
15.863525227828408,0.14514507353305817,0.12829587613232435
15.870193376305847,0.29333406686782837,0.141771048726514
15.876861524783285,0.4161161184310913,0.15819945042021574
15.883529673260725,0.05812954530119896,0.1474157078657299
15.890197821738164,0.010207373648881912,0.1465313755441457
15.896865970215604,0.19857202470302582,0.1545235613826662
15.903534118693043,0.04370005056262016,0.1547194479499012
15.910202267170483,0.315196692943573,0.16900205840356647
15.916870415647923,0.16072192788124084,0.1751344217453152
15.923538564125362,0.09990037977695465,0.17848201938904823
15.930206712602802,0.017446041107177734,0.17597453468479216
15.936874861080241,0.019353631883859634,0.1550915573257953
15.943543009557681,0.002218991983681917,0.150516437436454
15.95021115803512,0.051855191588401794,0.14745539173018185
15.95687930651256,0.31795650720596313,0.16294209661427886
15.963547454989998,0.0067265331745147705,0.15029284956399352
15.970215603467437,0.09389235824346542,0.14992666246835143
15.976883751944877,0.089509978890419,0.1272495456272736
15.983551900422317,0.09342698752880096,0.1291393149876967
15.990220048899756,0.014797616750001907,0.12241035460028798
15.996888197377196,0.30853161215782166,0.13057968153152616
16.003556345854633,0.17269176244735718,0.1245475663105026
16.010224494332075,0.13870550692081451,0.11067703573498876
16.016892642809513,0.03083140403032303,0.10931212867144496
16.023560791286954,1.0109084844589233,0.15934718421194705
16.030228939764392,0.0370294451713562,0.15127005523536355
16.036897088241833,0.8165684938430786,0.18991347739938647
16.04356523671927,0.15245959162712097,0.18177662233356384
16.050233385196712,0.1326173096895218,0.18037139142397793
16.05690153367415,2.0584592819213867,0.27829933653119954
16.06356968215159,0.028102915734052658,0.27883218026254325
16.07023783062903,0.07369495183229446,0.281549246259965
16.07690597910647,0.05073244124650955,0.28397491872310643
16.08357412758391,1.086159110069275,0.33569011464715004
16.090242276061346,0.22166131436824799,0.33087535500526427
16.096910424538788,0.23870255053043365,0.34247415587306024
16.103578573016225,1.0487779378890991,0.3902184348553419
16.110246721493667,0.0691479742527008,0.38920033462345605
16.116914869971104,0.013551718555390835,0.3852065711747856
16.123583018448546,0.036188896745443344,0.38627613517455767
16.130251166925984,0.03730775788426399,0.3727149424608798
16.136919315403425,0.03197105601429939,0.36567890713922685
16.143587463880863,1.3356196880340576,0.425524616194889
16.150255612358304,0.04935557395219803,0.4264508246909827
16.156923760835742,0.01782015897333622,0.3767964084167033
16.163591909313183,0.07638397067785263,0.3787641346920282
16.17026005779062,0.0580458901822567,0.34083800450898705
16.17692820626806,0.02041039802134037,0.33423554482869805
16.1835963547455,0.25375211238861084,0.3402922849636525
16.190264503222938,1.0584386587142944,0.2902912538032979
16.19693265170038,0.022362563759088516,0.2900042362045497
16.203600800177817,0.34754428267478943,0.3036967027466745
16.21026894865526,0.005261885933578014,0.3014231749810279
16.216937097132696,0.07410905510187149,0.25082067223265764
16.223605245610138,0.05838618054986,0.24265691554173827
16.230273394087575,0.04386444389820099,0.23291501021012664
16.236941542565017,0.07178368419408798,0.18406529752537606
16.243609691042455,0.2816923260688782,0.19469251511618493
16.250277839519896,0.2655198574066162,0.20729092205874622
16.256945987997334,0.44312238693237305,0.2276375965680927
16.26361413647477,0.29862144589424133,0.2407032809685916
16.270282284952213,1.0107789039611816,0.2896436733659357
16.27695043342965,0.7835508584976196,0.26204023188911385
16.283618581907092,0.004832358565181494,0.25981407111976296
16.29028673038453,0.2785639464855194,0.2728512604953721
16.29695487886197,0.03696293756365776,0.2708802088396624
16.30362302733941,0.03931301459670067,0.2699435650603846
16.31029117581685,0.4265400767326355,0.29025004899594936
16.316959324294288,0.11528874188661575,0.2833268804708496
16.32362747277173,0.052537500858306885,0.2330318225780502
16.330295621249167,0.1566017121076584,0.2397437799954787
16.33696376972661,0.08916044235229492,0.22682458797935395
16.343631918204046,0.039575666189193726,0.22854027699213478
16.350300066681484,0.0010190507164224982,0.22488577677286234
16.356968215158926,0.11171306669712067,0.22755212108022535
16.363636363636363,0.11045501381158829,0.23088164957589472
16.370304512113805,0.02472342550754547,0.2285286366415676
16.376972660591242,0.13361641764640808,0.2211248412204441
16.383640809068684,1.284227728843689,0.27206023479229774
16.39030895754612,0.04385162517428398,0.2520966967043933
16.396977106023563,0.08783254027366638,0.2415572514233645
16.403645254501,0.008247983641922474,0.19143070540740156
16.410313402978442,0.1418849527835846,0.15934741012169978
16.41698155145588,0.1568077802658081,0.16694618120673113
16.423649699933318,0.6305335164070129,0.18454465970280579
16.43031784841076,0.00839419849216938,0.1831162227492314
16.436985996888197,0.18311850726604462,0.1903064973826986
16.443654145365638,0.11304184794425964,0.1746315859432798
16.450322293843076,0.07838261127471924,0.17278627941268496
16.456990442320517,0.00788960512727499,0.17055388462613336
16.463658590797955,0.4886123239994049,0.1871544152207207
16.470326739275396,0.003299833508208394,0.18286138477851638
16.476994887752834,0.20181430876255035,0.1909733169071842
16.483663036230276,0.16041260957717896,0.19894299485022204
16.490331184707713,1.162035346031189,0.25145910881692546
16.496999333185155,0.3235796093940735,0.2621153385960497
16.503667481662593,0.1802012026309967,0.2698892274522222
16.51033563014003,0.027715422213077545,0.2645941776805557
16.51700377861747,0.19880947470664978,0.2103232649737038
16.52367192709491,0.06937209516763687,0.21159928847337142
16.53034007557235,0.47208479046821594,0.2308119009830989
16.53700822404979,0.149144247174263,0.23785671415971593
16.54367637252723,0.07209882885217667,0.23436740796314556
16.550344521004668,0.09205447882413864,0.23112974289106206
16.55701266948211,0.02852637693285942,0.20102938591735436
16.563680817959547,0.035378437489271164,0.20237859786720946
16.57034896643699,0.00537050049751997,0.19349119752878322
16.577017114914426,0.02087770402431488,0.188882990332786
16.583685263391867,0.2140170931816101,0.19566471442813055
16.590353411869305,0.21594589948654175,0.20606752914609386
16.597021560346743,0.09329593181610107,0.18630170953692862
16.603689708824184,0.00747739477083087,0.18651058760005976
16.610357857301622,0.007127286866307259,0.17677623650524762
16.617026005779064,0.0707327201962471,0.17229224203620103
16.6236941542565,0.023667026311159134,0.11537382605019958
16.630362302733943,0.07059828191995621,0.10272475967649372
16.63703045121138,0.0354655422270298,0.09548797665629535
16.643698599688822,0.02001030743122101,0.09510272091720254
16.65036674816626,0.4869242012500763,0.10950845724437387
16.6570348966437,0.02215162105858326,0.10714743353892117
16.66370304512114,0.18157626688480377,0.09262200735975057
16.67037119359858,0.04690774530172348,0.08751018226612359
16.677039342076018,0.47758302092552185,0.10778439186979086
16.683707490553456,0.05367634445428848,0.10586548515129834
16.690375639030897,0.09617574512958527,0.10924795356113465
16.697043787508335,0.0333949513733387,0.10914877925533802
16.703711935985776,0.22238844633102417,0.11999967654701323
16.710380084463214,0.1262820065021515,0.12526989167090505
16.717048232940655,0.03896418586373329,0.1165172463050112
16.723716381418093,0.019373644143342972,0.10668863353785127
16.730384529895534,0.06329292058944702,0.10518848297651857
16.737052678372972,0.8150863647460938,0.14556893147528172
16.743720826850414,0.01810113713145256,0.14611762398853897
16.75038897532785,0.4056931436061859,0.16286564515903593
16.75705712380529,1.8011550903320312,0.25174004836007957
16.76372527228273,0.13334454596042633,0.25487736156210306
16.77039342076017,0.06454017013311386,0.2563310929574073
16.77706156923761,0.21465149521827698,0.26606315234676003
16.783729717715048,1.5686652660369873,0.32015020558610563
16.79039786619249,0.05345814302563667,0.32171553168445827
16.797066014669927,0.3363116383552551,0.3294523002579809
16.803734163147368,0.09597264230251312,0.33190554510802034
16.810402311624806,0.09776365756988525,0.3129145769402385
16.817070460102247,0.053893089294433594,0.31292541418224573
16.823738608579685,0.014189177192747593,0.3088260857854038
16.830406757057126,0.10405732691287994,0.31235920456238087
16.837074905534564,0.0061116935685276985,0.3015453669242561
16.843743054012002,1.587770938873291,0.37461981354281304
16.850411202489443,0.4731799066066742,0.39633059957996014
16.85707935096688,0.29708439111709595,0.4102161369286478
16.863747499444322,0.017928628250956535,0.4079479223117232
16.87041564792176,0.6967979073524475,0.402033499442041
16.8770837963992,1.687909483909607,0.48552391678094864
16.88375194487664,0.18407222628593445,0.4744428709149361
16.89042009335408,0.03824898228049278,0.38629756551235916
16.89708824183152,0.552706241607666,0.40726565029472106
16.90375639030896,0.11266062408685684,0.40967167299240825
16.910424538786398,0.0851781964302063,0.4031980080530047
16.91709268726384,0.660869836807251,0.3578082365915179
16.923760835741277,0.030331071466207504,0.35665188301354644
16.930428984218715,0.03826889023184776,0.3417497456073761
16.937097132696156,0.09185865521430969,0.3415440462529659
16.943765281173594,0.11638914048671722,0.3424753203988075
16.950433429651035,0.1017918810248375,0.3448702599853277
16.957101578128473,0.049064263701438904,0.34661401431076233
16.963769726605914,0.05376110225915909,0.34409920307807623
16.970437875083352,0.09352370351552963,0.3484698035754264
16.977106023560793,2.999962329864502,0.4190793731249869
16.98377417203823,0.06920142471790314,0.39888044903054837
16.990442320515672,0.2684609293937683,0.39744927594438195
16.99711046899311,0.06478823721408844,0.3997922563925385
17.00377861747055,0.1091964840888977,0.3704121852293611
17.01044676594799,0.3079831898212433,0.3014158705249429
17.017114914425427,0.00643947534263134,0.29253423297777775
17.02378306290287,0.004933901596814394,0.29086847894359386
17.030451211380306,0.22177717089653015,0.274322025408037
17.037119359857748,0.16352275013923645,0.27686513171065597
17.043787508335186,0.21310339868068695,0.28326139182318005
17.050455656812627,0.4596189856529236,0.2731988492654637
17.057123805290065,0.40782952308654785,0.2920737718464807
17.063791953767506,0.07759731262922287,0.2940401929663494
17.070460102244944,0.8381481170654297,0.3313546660589054
17.077128250722385,1.0092283487319946,0.37599662647116927
17.083796399199823,0.02977246418595314,0.37239565562922505
17.090464547677264,0.5253853797912598,0.3962117114337161
17.097132696154702,0.49570873379707336,0.41830909301061187
17.10380084463214,0.01749332621693611,0.41450757414568223
17.11046899310958,0.04551035910844803,0.2667849756078795
17.11713714158702,0.028281189501285553,0.26473896384704865
17.12380529006446,0.0287163183093071,0.2527517332928256
17.130473438541898,0.17657271027565002,0.25834095694590364
17.13714158701934,0.2142440229654312,0.2635933338897303
17.143809735496777,0.03651630878448486,0.2500199898378923
17.15047788397422,0.7465717196464539,0.2870266020530835
17.157146032451656,0.313658744096756,0.3024628441780806
17.163814180929098,0.037316642701625824,0.2932398177683354
17.170482329406536,0.11268047243356705,0.29069770388305194
17.177150477883973,0.1489456295967102,0.2874898154288531
17.183818626361415,0.1454380750656128,0.2717807698994875
17.190486774838853,0.7942378520965576,0.291101186349988
17.197154923316294,0.5335286855697632,0.31389775499701494
17.20382307179373,0.019339371472597122,0.27295731771737336
17.210491220271173,0.4739614725112915,0.2461939739063382
17.21715936874861,0.01697114109992981,0.24555390775203703
17.223827517226052,0.45567813515663147,0.2420685455203056
17.23049566570349,0.0795789510011673,0.22126205638051033
17.23716381418093,0.01697424054145813,0.22123610209673641
17.24383196265837,0.04746244102716446,0.22133370619267226
17.25050011113581,0.04402531683444977,0.22212091255933047
17.25716825961325,0.15269899368286133,0.22832004632800817
17.263836408090686,0.02219647727906704,0.22060123467817905
17.270504556568127,0.039368122816085815,0.21185743967071174
17.277172705045565,0.20709112286567688,0.22038618037477137
17.283840853523007,0.02085627242922783,0.18410040801391006
17.290509002000444,0.6258735656738281,0.19971114909276366
17.297177150477886,0.12010598182678223,0.2038506160490215
17.303845298955324,0.01169159822165966,0.19880117233842612
17.310513447432765,0.03335929661989212,0.19302185568958524
17.317181595910203,0.5132401585578918,0.2114119598641992
17.323849744387644,0.060405634343624115,0.17472034897655253
17.330517892865082,0.15981215238571167,0.1560345223173499
17.337186041342523,0.7068042159080505,0.19040776453912261
17.34385418981996,0.25193196535110474,0.17930628918111327
17.3505223382974,0.11515283584594727,0.18421537391841417
17.35719048677484,0.0170257817953825,0.16228275625035168
17.363858635252278,0.0999598279595375,0.16330180009827017
17.37052678372972,0.1789322942495346,0.171399702783674
17.377194932207157,0.4030058979988098,0.1891768756322563
17.3838630806846,1.0234330892562866,0.23814726425334815
17.390531229162036,0.08267874270677567,0.23464625170454384
17.397199377639478,0.03412463515996933,0.23524265959858895
17.403867526116915,0.04239005595445633,0.23539375625550746
17.410535674594357,0.1012660562992096,0.23010250292718412
17.417203823071794,0.023655034601688385,0.23024244103580715
17.423871971549236,0.0029797093011438847,0.19909774821717294
17.430540120026674,0.056296996772289276,0.19590729896444828
17.43720826850411,0.14081476628780365,0.2023634573677555
17.443876416981553,0.07347413152456284,0.20436919911298904
17.45054456545899,0.11779265850782394,0.18459682411048559
17.457212713936432,0.0016550684813410044,0.18165929581737145
17.46388086241387,0.048824798315763474,0.17610992811387405
17.47054901089131,0.043634083122015,0.14295142147457227
17.47721715936875,0.41707947850227356,0.15120879713213073
17.48388530784619,0.29275956749916077,0.1600891337147914
17.490553456323628,0.26050060987472534,0.1722628751187585
17.49722160480107,1.1094753742218018,0.22273865243187174
17.503889753278507,0.347322016954422,0.23115813856711612
17.510557901755945,1.0062363147735596,0.2613196594058536
17.517226050233386,0.02007368393242359,0.21115168913966045
17.523894198710824,0.13208863139152527,0.21362218357389795
17.530562347188265,0.0022941376082599163,0.21203065869631246
17.537230495665703,0.1223314106464386,0.21602772643091156
17.543898644143145,0.3121395409107208,0.22657140066148712
17.550566792620582,1.6523187160491943,0.30800458473386244
17.557234941098024,0.019762180745601654,0.3088437083060853
17.56390308957546,0.03996170312166214,0.308026943623554
17.570571238052903,0.033816494047641754,0.3026770300115459
17.57723938653034,0.047278136014938354,0.3013672302360647
17.583907535007782,0.06070105731487274,0.29851265017641715
17.59057568348522,0.05694914236664772,0.3012773538706824
17.597243831962658,0.03316563740372658,0.30049439582508064
17.6039119804401,0.11150016635656357,0.3038876999868081
17.610580128917537,0.04593523591756821,0.2853304878575728
17.617248277394978,0.528598964214325,0.297122457693331
17.623916425872416,0.34225863218307495,0.3012103588087484
17.630584574349857,0.05488409474492073,0.24848079483490437
17.637252722827295,0.08143408596515656,0.2351863982854411
17.643920871304736,0.6851401925086975,0.219131592172198
17.650589019782174,0.09385566413402557,0.2228206911822781
17.657257168259616,0.2734166383743286,0.22988709153141826
17.663925316737053,0.06572234630584717,0.23305850196629763
17.670593465214495,0.06818036735057831,0.23035094980150458
17.677261613691932,0.3746437430381775,0.23347615990787746
17.68392976216937,0.0009366247686557472,0.15090705534385054
17.69059791064681,0.07486887276172638,0.15366238994465678
17.69726605912425,0.14288802444934845,0.1588087060110411
17.70393420760169,0.6565468907356262,0.18994522584544032
17.71060235607913,0.02663879655301571,0.1889132588723442
17.71727050455657,0.05095929652452469,0.18842617083282678
17.723938653034008,0.17940545082092285,0.19454898625554054
17.73060680151145,0.019323226064443588,0.19385686568857638
17.737274949988887,0.009993539191782475,0.18878153433033737
17.743943098466328,0.9361468553543091,0.2332921153021744
17.750611246943766,0.014575652778148651,0.20759094973036557
17.757279395421207,0.08423468470573425,0.19468975235649852
17.763947543898645,0.05371744930744171,0.19463142008462456
17.770615692376083,0.03793790191411972,0.1924566108820727
17.777283840853524,0.026468804106116295,0.1595230414619436
17.783951989330962,0.19197030365467072,0.16442877343797588
17.790620137808403,0.009634950198233128,0.15123968902917112
17.79728828628584,0.04188603162765503,0.15004787329526148
17.803956434763283,0.22952552139759064,0.1581151309976121
17.81062458324072,0.5704677700996399,0.16790633235068525
17.81729273171816,0.007924524135887623,0.1682557273190469
17.8239608801956,0.5786747336387634,0.1934460203628987
17.83062902867304,1.516794204711914,0.262141329376027
17.83729717715048,0.01602456532418728,0.23011521310545507
17.84396532562792,0.16199883818626404,0.2368832151871175
17.850633474105358,0.020496228709816933,0.23536006179638214
17.857301622582796,0.0068731000646948814,0.22673344425857073
17.863969771060237,0.039421070367097855,0.22773833647370342
17.870637919537675,0.1824745237827301,0.2363623857032508
17.877306068015116,0.02350183203816414,0.19073013453744353
17.883974216492554,0.04166170209646225,0.19208443700335923
17.890642364969995,0.1327318251132965,0.19450929402373732
17.897310513447433,0.07821261137723923,0.1957340521272272
17.903978661924874,0.13785581290721893,0.20072994767688215
17.910646810402312,0.1621112823486328,0.20751207158900795
17.917314958879754,0.005115094128996134,0.19816931111272423
17.92398310735719,0.02573765069246292,0.19897444613743573
17.93065125583463,0.10440272092819214,0.2021002806024626
17.93731940431207,1.4979777336120605,0.2655228912131861
17.94398755278951,0.09654982388019562,0.2418269939022139
17.95065570126695,0.03416948392987251,0.2431392418919131
17.957323849744387,0.03721913695335388,0.21606646205764263
17.96399199822183,1.0636868476867676,0.1934110942063853
17.970660146699267,0.23777680099010468,0.20449870598968117
17.977328295176708,0.20185518264770508,0.20649152321275324
17.983996443654146,0.021250668913125992,0.2065292452229187
17.990664592131587,0.03745705634355545,0.20805844303686175
17.997332740609025,1.5277453660964966,0.2824746578233317
18.004000889086466,0.5713581442832947,0.3019188388483599
18.010669037563904,0.03652501106262207,0.3025699977995829
18.017337186041342,0.03941872715950012,0.30245784905273476
18.024005334518783,0.007617376744747162,0.2962021266343073
18.03067348299622,0.14808349311351776,0.2996956707211212
18.037341631473662,0.0013155797496438026,0.2928686590632424
18.0440097799511,0.24943318963050842,0.29723475442733616
18.05067792842854,0.10318951308727264,0.30213847537524996
18.05734607690598,0.07343898713588715,0.3045235421974212
18.06401422538342,0.11083923280239105,0.3048453677911312
18.07068237386086,0.15641476213932037,0.23776721921749416
18.0773505223383,0.034806735813617706,0.23468006481416523
18.084018670815738,0.11306945234537125,0.23862506323494018
18.09068681929318,1.1536165475845337,0.29444493376649916
18.097354967770617,0.18787841498851776,0.2506545121315867
18.104023116248054,0.02306189015507698,0.2399187665898353
18.110691264725496,0.0993451327085495,0.2347932640928775
18.117359413202934,0.026120150461792946,0.23503673817031087
18.124027561680375,0.0013657950330525637,0.23323217510478575
18.130695710157813,0.030917897820472717,0.1583908016909845
18.137363858635254,0.012048844248056412,0.13042533668922263
18.144032007112692,0.04712168499827385,0.1309551703860052
18.150700155590133,0.027845319360494614,0.1303764999960549
18.15736830406757,0.06684627383947372,0.13333794485079123
18.164036452545012,0.5532575845718384,0.1535966494237073
18.17070460102245,0.44008728861808777,0.17553523486712952
18.17737274949989,0.01941082626581192,0.16403411669889467
18.18404089797733,0.15501604974269867,0.16662544353166597
18.190709046454767,0.08383183181285858,0.16714508576551454
18.19737719493221,0.4037460684776306,0.18179042754927652
18.204045343409646,0.0041795773431658745,0.1741786683094688
18.210713491887088,0.10036996752023697,0.17745682989479972
18.217381640364525,0.12948977947235107,0.17827784625114873
18.224049788841967,0.10088096559047699,0.12564106715144588
18.230717937319405,0.5568066239356995,0.14408747759880497
18.237386085796846,0.0008429904701188207,0.14297653261455706
18.244054234274284,0.03738737106323242,0.1398786445322912
18.250722382751725,0.021771706640720367,0.1396612223412376
18.257390531229163,0.02394648641347885,0.1407902569102589
18.264058679706604,0.18664483726024628,0.14857660388224758
18.270726828184042,0.02520003169775009,0.14923416325473227
18.27739497666148,0.16214226186275482,0.15498519209795633
18.28406312513892,0.010575060732662678,0.15412167916656475
18.29073127361636,0.09176285564899445,0.15536750825704077
18.2973994220938,0.0487634651362896,0.13014280228526331
18.304067570571238,0.005849662236869335,0.10843092096620238
18.31073571904868,0.04159906879067421,0.1095403330924455
18.317403867526117,0.05391641706228256,0.10448535145842469
18.32407201600356,0.008916806429624557,0.100739600189263
18.330740164480996,0.036440737545490265,0.08237433364265599
18.337408312958438,0.03911888226866722,0.08412129888893105
18.344076461435876,0.44062456488609314,0.10113402875722387
18.350744609913313,0.014906829223036766,0.09540488124475814
18.357412758390755,0.018887409940361977,0.09130520346225238
18.364080906868192,0.16407662630081177,0.071668703580508
18.370749055345634,0.009311806410551071,0.0720921443775296
18.37741720382307,0.005131805315613747,0.07047936609014868
18.384085352300513,0.006645765155553818,0.06972306901589036
18.39075350077795,0.22908611595630646,0.07998005049303175
18.397421649255392,0.36401501297950745,0.08884855927899481
18.40408979773283,0.01313004083931446,0.08824505973607302
18.41075794621027,0.2624242901802063,0.0932591611519456
18.41742609468771,0.036134883761405945,0.09453715230338276
18.42409424316515,0.020674748346209526,0.0909827469382435
18.43076239164259,0.02251763828098774,0.0896704555954784
18.437430540120026,0.007506397552788258,0.08975329236127436
18.444098688597467,0.47157394886016846,0.11125203636474909
18.450766837074905,0.17809543013572693,0.11746098701842131
18.457434985552347,0.04130975157022476,0.11908063427545132
18.464103134029784,0.9369710683822632,0.16410715081728994
18.470771282507226,0.020981047302484512,0.1632002590689808
18.477439430984663,0.04586343467235565,0.14346220255829395
18.484107579462105,1.0761345624923706,0.19652358922176064
18.490775727939543,0.18801704049110413,0.20498007074929778
18.497443876416984,0.2309945970773697,0.20832596928812566
18.50411202489442,0.04162950441241264,0.20994185418821873
18.510780173371863,0.4483495354652405,0.23210274069570005
18.5174483218493,0.01148910354822874,0.23234490761533383
18.52411647032674,0.14682883024215698,0.22823204332962635
18.53078461880418,0.05799749493598938,0.21293116742745047
18.537452767281618,0.034584686160087585,0.2140038996934891
18.54412091575906,0.7116634845733643,0.236465859413147
18.550789064236497,0.04176090657711029,0.2367471605539322
18.55745721271394,0.04922780394554138,0.23817481333389878
18.564125361191376,1.1533838510513306,0.2947181239724159
18.570793509668817,0.4352329969406128,0.3161044539418072
18.577461658146255,0.2367015779018402,0.30436083539389075
18.584129806623697,0.22572094202041626,0.3067421109881252
18.590797955101134,0.07164380699396133,0.3082588137593121
18.597466103578576,0.19656723737716675,0.27123862220905726
18.604134252056014,0.035842739045619965,0.27198170679621403
18.61080240053345,0.22583745419979095,0.28098040777258576
18.617470549010893,0.17894196510314941,0.2361207779031247
18.62413869748833,0.541945219039917,0.2538171868305653
18.630806845965772,0.18504124879837036,0.2515195194166153
18.63747499444321,0.10945580154657364,0.25491083427332345
18.64414314292065,0.022365333512425423,0.23361162417568268
18.65081129139809,0.12612998485565186,0.2393436682410538
18.65747943987553,0.02587658166885376,0.23329605581238866
18.664147588352968,0.1082465872168541,0.23580851042643192
18.67081573683041,0.06334435194730759,0.23724649371579293
18.677483885307847,0.016049010679125786,0.202465770021081
18.684152033785285,0.052501093596220016,0.20300277937203648
18.690820182262726,0.22009405493736267,0.21154609192162752
18.697488330740164,0.3715672194957733,0.17245526034384964
18.704156479217605,0.010494111105799675,0.151218316052109
18.710824627695043,0.6405349969863892,0.17140998700633647
18.717492776172485,0.0027587830554693937,0.1602618790580891
18.724160924649922,0.00796590931713581,0.15707798417424784
18.730829073127364,0.21949967741966248,0.15822460617637263
18.7374972216048,0.7025026082992554,0.1915575996390544
18.744165370082243,0.032021526247262955,0.18186680324142795
18.75083351855968,0.18958109617233276,0.18239875979488712
18.757501667037122,0.14191043376922607,0.1623970205313526
18.76416981551456,0.49147966504096985,0.17771894134348257
18.770837963991998,0.04011885076761246,0.17425209380453452
18.77750611246944,0.009046678431332111,0.17358616105047986
18.784174260946877,0.011073770001530647,0.1678333503077738
18.790842409424318,0.07053183019161224,0.17006611273391176
18.797510557901756,0.6727100014686584,0.19828928344650198
18.804178706379197,0.1422123908996582,0.2022326853941195
18.810846854856635,0.09924031049013138,0.20639225038466974
18.817515003334076,0.003038691822439432,0.20391913029598072
18.824183151811514,0.1642608344554901,0.20112746927188707
18.830851300288955,0.041461359709501266,0.18462217628257352
18.837519448766393,1.3778880834579468,0.2529918749001809
18.844187597243835,0.3985101580619812,0.24089063295396046
18.850855745721272,0.8376635313034058,0.2826358703663573
18.85752389419871,0.016865497455000877,0.28308084977325054
18.86419204267615,0.9037595391273499,0.3172938428586349
18.87086019115359,0.060800984501838684,0.2852087616687641
18.87752833963103,0.0406344011425972,0.28563940541353083
18.88419648810847,0.3898831903934479,0.29565451012458654
18.89086463658591,0.041630085557699203,0.29064049271401016
18.897532785063348,0.0012481639860197902,0.2661289176612627
18.90420093354079,1.4869543313980103,0.3384706916927826
18.910869082018227,0.050091926008462906,0.34052295407163913
18.917537230495668,0.046695247292518616,0.3423040279361885
18.924205378973106,0.020669981837272644,0.3398109355184716
18.930873527450547,0.04141681268811226,0.3082462760794442
18.937541675927985,0.07754655182361603,0.3050129841256421
18.944209824405423,0.3435847759246826,0.3172302073973697
18.950877972882864,0.10569863021373749,0.3223632043169346
18.957546121360302,0.11021216213703156,0.3196607707010117
18.964214269837743,0.01526866015046835,0.31835113572306
18.97088241831518,0.09202070534229279,0.2540577668172773
18.977550566792623,0.004378422629088163,0.23435118004563266
18.98421871527006,1.0760232210159302,0.24626916453125888
18.9908868637475,0.5622411966323853,0.2735379494901281
18.99755501222494,0.0560753233730793,0.23115373870241457
19.00422316070238,0.35767173767089844,0.24599727636086755
19.01089130917982,0.060035478323698044,0.2469673302199226
19.01755945765726,0.05823217332363129,0.23038477936643176
19.024227606134698,0.6080814599990845,0.258707348088501
19.030895754612136,3.8832268714904785,0.452806283463724
19.037563903089577,3.7232508659362793,0.5646211101906375
19.044232051567015,0.1467091590166092,0.5694519718410447
19.050900200044456,0.035379622131586075,0.568886190582998
19.057568348521894,0.2962779402732849,0.5826665885047987
19.064236496999335,0.6797518730163574,0.614583341521211
19.070904645476773,0.030741138383746147,0.6122430708492174
19.077572793954214,0.2298286408185959,0.606555264093913
19.084240942431652,0.01792198047041893,0.6021664316067472
19.090909090909093,0.07389680296182632,0.6003506636479871
19.09757723938653,0.011542647145688534,0.600164362997748
19.10424538786397,0.0314711332321167,0.5971368843922392
19.11091353634141,0.07219114899635315,0.6005275207106023
19.11758168481885,0.45736297965049744,0.5695945086423309
19.12424983329629,0.05671196058392525,0.5443180468399078
19.130917981773727,0.5675051808357239,0.56988953971304
19.13758613025117,0.1505303829908371,0.559532471979037
19.144254278728607,0.7596495747566223,0.5945131768006832
19.150922427206048,0.06741496175527573,0.5949723162222654
19.157590575683486,0.007586977444589138,0.5649475920945407
19.164258724160927,0.021047478541731834,0.37183862244710325
19.170926872638365,0.06884980946779251,0.18911856962367893
19.177595021115806,0.017126498743891716,0.18263943661004306
19.184263169593244,0.5183042287826538,0.20678566694259645
19.19093131807068,0.6334881782531738,0.2236461788415909
19.197599466548123,0.03344470635056496,0.19133082050830127
19.20426761502556,1.1499824523925781,0.24729288620874287
19.210935763503002,0.043667323887348175,0.2379848203621805
19.21760391198044,0.37797629833221436,0.25598753625527026
19.22427206045788,0.048748962581157684,0.25473014423623686
19.23094020893532,0.1775939166545868,0.26303270771168175
19.23760835741276,0.08286754786968231,0.2656025284435601
19.2442765058902,0.08428733050823212,0.26620733751915404
19.25094465436764,0.0198543481528759,0.2443319059442729
19.257612802845077,1.0223571062088013,0.29261416322551664
19.26428095132252,0.2931692600250244,0.2788973671849817
19.270949099799957,0.02813102677464485,0.2727773993741721
19.277617248277394,0.009488373063504696,0.23526933928951624
19.284285396754836,0.043793562799692154,0.23408826934173707
19.290953545232274,0.3734044134616852,0.25237914114259186
19.297621693709715,0.3890274167060852,0.2707781380508095
19.304289842187153,0.1129927709698677,0.2729852861259133
19.310957990664594,0.09312364459037781,0.27678514341823757
19.317626139142032,0.017245762050151825,0.2517322200816125
19.324294287619473,0.016049254685640335,0.22086027390323582
19.33096243609691,0.28449946641921997,0.23341301190666858
19.337630584574352,0.1915048509836197,0.18548913183622068
19.34429873305179,0.02654513157904148,0.18463302222080533
19.35096688152923,0.011674737557768822,0.166317944182083
19.35763503000667,0.20254331827163696,0.17400766196660697
19.364303178484107,0.9024019241333008,0.21024806234054266
19.37097132696155,2.9953675270080566,0.3558730612974614
19.377639475438986,0.031209509819746017,0.3532191702630371
19.384307623916428,0.014917965978384018,0.3529723511543125
19.390975772393865,0.09681155532598495,0.30669507361017173
19.397643920871307,0.5340589880943298,0.31873956001363696
19.404312069348745,0.29508131742477417,0.33208707454614345
19.410980217826186,0.97296142578125,0.38026072718203074
19.417648366303624,0.03979559615254402,0.3800608288496733
19.424316514781065,0.011198840104043484,0.36195055018179123
19.430984663258503,2.8553171157836914,0.48526503513567154
19.43765281173594,0.027606582269072533,0.48099572570063176
19.444320960213382,0.052388742566108704,0.47895898059941827
19.45098910869082,0.1426512598991394,0.4852292554918677
19.45765725716826,0.07581518590450287,0.4882175520528108
19.4643254056457,0.34978896379470825,0.4914820269215852
19.47099355412314,0.06424541771411896,0.48511905525811017
19.477661702600578,0.051624368876218796,0.4863730171229691
19.48432985107802,0.07935095578432083,0.48975682803429665
19.490997999555457,1.1799275875091553,0.5386260414961725
19.4976661480329,0.007429588586091995,0.4938774247188121
19.504334296510336,0.08011370897293091,0.3481147338170558
19.511002444987778,0.2991313934326172,0.3615108279976994
19.517670593465215,0.3976788818836212,0.3806488737929612
19.524338741942653,0.8693833947181702,0.4192774657625705
19.531006890420095,0.029584504663944244,0.3940537415910512
19.537675038897532,0.3703293800354004,0.3978161447215825
19.544343187374974,0.6106183528900146,0.37969899107702076
19.55101133585241,0.2669143080711365,0.3910549266729504
19.557679484329853,0.01968354359269142,0.39147916184738274
19.56434763280729,0.007755693048238754,0.24910109071061012
19.571015781284732,0.10886552929878235,0.25316403806209564
19.57768392976217,0.048441216349601746,0.2529666617512703
19.58435207823961,0.36076846718788147,0.2638725221157074
19.59102022671705,0.03235981613397598,0.261699753627181
19.59768837519449,0.03509840741753578,0.24596522580832245
19.604356523671928,0.017456229776144028,0.24362576641142367
19.611024672149366,1.1678332090377808,0.2994362084195018
19.617692820626807,0.18837690353393555,0.30488750580698254
19.624360969104245,0.021065309643745422,0.246944391913712
19.631029117581686,0.060174740850925446,0.24958164952695372
19.637697266059124,0.05825914815068245,0.24848892148584129
19.644365414536566,0.38645172119140625,0.2528549378737807
19.651033563014003,0.40267056226730347,0.25310452189296484
19.657701711491445,0.04001093655824661,0.21163589898496865
19.664369859968883,4.3148393630981445,0.4258986419066787
19.671038008446324,0.38548269867897034,0.42665630783885716
19.67770615692376,0.05446707829833031,0.398848744109273
19.684374305401203,0.0039252424612641335,0.38569929082877935
19.69104245387864,0.419709175825119,0.4057005724404008
19.69771060235608,0.664076566696167,0.4385166161227972
19.70437875083352,0.004056624602526426,0.43327617088798437
19.711046899310958,0.17656803131103516,0.439682511636056
19.7177150477884,0.0362599678337574,0.4234570866683498
19.724383196265837,0.008686099201440811,0.42227340082172304
19.73105134474328,0.07687949389219284,0.42436245514545584
19.737719493220716,0.21173390746116638,0.434076339029707
19.744387641698157,0.36842432618141174,0.3941058948868885
19.751055790175595,0.056223876774311066,0.3874982435489073
19.757723938653037,0.03578134998679161,0.38823404556605967
19.764392087130474,2.2645881175994873,0.4984547144034877
19.771060235607916,0.7988829612731934,0.5354859050596134
19.777728384085353,0.8916670680046082,0.5607466724002735
19.78439653256279,0.04951627925038338,0.5430889582494275
19.791064681040233,0.18656958639621735,0.5504168907413259
19.79773282951767,0.05393951013684273,0.3373718980932608
19.804400977995112,0.006322952453047037,0.3184139107819646
19.81106912647255,0.16858619451522827,0.3241198665928095
19.81773727494999,0.6870703101158142,0.358277119975537
19.82440542342743,0.2567119300365448,0.3501272576861083
19.83107357190487,0.038129668682813644,0.31882991278544065
19.837741720382308,0.10005159676074982,0.3236296613933518
19.84440986885975,0.260560542345047,0.3278292869450525
19.851078017337187,1.8385229110717773,0.4179424341069534
19.857746165814625,0.1408555805683136,0.42455090817529706
19.864414314292066,0.1738409399986267,0.42939898048061875
19.871082462769504,0.025927072390913963,0.42010863872710613
19.877750611246945,0.8236382007598877,0.44286933245602994
19.884418759724383,0.07362567633390427,0.4437394224340096
19.891086908201824,0.008202697150409222,0.44236048979219045
19.897755056679262,0.032409995794296265,0.3307515837019309
19.904423205156704,0.0815107524394989,0.29488297326024615
19.91109135363414,0.4124356508255005,0.2709214024012908
19.917759502111583,1.1023415327072144,0.32356266507413234
19.92442765058902,0.025295836851000786,0.3154989775968715
19.931095799066462,0.6177800297737122,0.343691003578715
19.9377639475439,0.00617093313485384,0.3436834026128054
19.944432096021337,0.5800972580909729,0.36425895579159256
19.95110024449878,0.46230265498161316,0.35302057303488255
19.957768392976217,0.19702821969985962,0.3500363875180483
19.964436541453658,0.03539671748876572,0.3498997399583459
19.971104689931096,0.1340400129556656,0.3515991607680917
19.977772838408537,0.0941697433590889,0.34327962081879376
19.984440986885975,0.0750192329287529,0.2551044369116426
19.991109135363416,0.0926545262336731,0.2526943841949105
19.997777283840854,0.012416996993124485,0.24462318704463543
20.004445432318295,0.4326133728027344,0.26495750206522645
20.011113580795733,0.02966213971376419,0.22525869901292025
20.017781729273175,0.00870599690824747,0.22201271504163744
20.024449877750612,0.01206603180617094,0.22220588177442555
20.03111802622805,0.06438826769590378,0.22380479536950593
20.03778617470549,0.5344687700271606,0.24645269624888902
20.04445432318293,0.04887791723012924,0.22827480956912044
20.05112247166037,0.07436926662921906,0.17687619626522064
20.05779062013781,0.372908353805542,0.1942568221129477
20.06445876861525,0.0028864501509815454,0.1635121431318112
20.071126917092688,0.11807024478912354,0.1691071087145247
20.07779506557013,0.0035986818838864565,0.14028217990417036
20.084463214047567,0.16866828501224518,0.12560046140570194
20.091131362525008,1.2060867547988892,0.1760533881606534
20.097799511002446,0.08847607672214508,0.17870735612232239
20.104467659479887,0.045591406524181366,0.17428492580074817
20.111135807957325,0.10999953001737595,0.17507641513366254
20.117803956434763,0.2355925738811493,0.18310508218128235
20.124472104912204,0.02955617755651474,0.17995016474742442
20.131140253389642,0.0049153706058859825,0.17957508342806247
20.137808401867083,0.08010134845972061,0.1619494822109118
20.14447655034452,0.014505657367408276,0.161191658093594
20.151144698821962,0.380896657705307,0.179801191133447
20.1578128472994,0.007797104772180319,0.17958774478174747
20.16448099577684,3.247298002243042,0.3387332315091044
20.17114914425428,0.024240311235189438,0.3132218085695058
20.17781729273172,0.017532017081975937,0.31165451356209817
20.18448544120916,0.257160484790802,0.32079407447017727
20.1911535896866,0.0221547968685627,0.3032563966233283
20.197821738164038,0.12736380100250244,0.30948026416590435
20.204489886641475,0.1750233918428421,0.31232792151859035
20.211158035118917,0.5890054106712341,0.34159825795795773
20.217826183596355,0.02743137814104557,0.33453641261439765
20.224494332073796,0.03115447424352169,0.27578979858662933
20.231162480551234,0.05194065719842911,0.27396302761044355
20.237830629028675,1.0275205373764038,0.3230594841530547
20.244498777506113,0.006930751726031303,0.3179060452384874
20.251166925983554,0.052168842405080795,0.308734858664684
20.257835074460992,0.04406988248229027,0.3094605439109728
20.264503222938433,0.00977941881865263,0.3097037463216111
20.27117137141587,0.03055552765727043,0.30722645528148856
20.27783951989331,0.34997737407684326,0.32400004111696035
20.28450766837075,0.0322033166885376,0.30656537406612183
20.291175816848188,0.8632782101631165,0.34933942933566864
20.29784396532563,0.021401792764663696,0.18804461886174978
20.304512113803067,0.045771028846502304,0.18912115474231544
20.31118026228051,1.1705927848815918,0.2467741931322962
20.317848410757946,0.1714557409286499,0.2424889559391886
20.324516559235388,0.046576306223869324,0.24371003140695394
20.331184707712826,0.08893096446990967,0.2417883895803243
20.337852856190267,0.06786849349737167,0.2364306446630508
20.344521004667705,0.23550263047218323,0.21875550565309826
20.351189153145146,0.022158049046993256,0.21849183919839563
20.357857301622584,0.3806392550468445,0.23596607823856175
20.36452545010002,0.07989797741174698,0.23736394424922763
20.371193598577463,0.012321588583290577,0.186603996809572
20.3778617470549,0.019018629565835,0.1872083907015622
20.384529895532342,0.029192302376031876,0.18605956370010976
20.39119804400978,0.04966837540268898,0.18633948834612968
20.39786619248722,0.2646312713623047,0.19908208097331226
20.40453434096466,0.015973718836903572,0.1983529905322939
20.4112024894421,0.12843194603919983,0.18727571913041172
20.41787063791954,0.3158499300479889,0.2014580497983843
20.42453878639698,0.11318007856607437,0.1639531432185322
20.431206934874417,0.2815094590187073,0.17695852653123437
20.43787508335186,0.09457945823669434,0.17939894800074396
20.444543231829297,0.22536256909370422,0.1321374372113496
20.451211380306734,0.002829608740285039,0.12370613060193138
20.457879528784176,0.1235964372754097,0.1275571371545084
20.464547677261614,0.026807084679603577,0.1244509431649931
20.471215825739055,0.30430981516838074,0.13627300924854355
20.477883974216493,0.06435104459524155,0.12771542995469645
20.484552122693934,0.005448224954307079,0.12687993875006215
20.491220271171372,0.004783645272254944,0.10808715826133265
20.497888419648813,0.23878277838230133,0.11603139830986038
20.50455656812625,0.0873417779803276,0.11978240777971223
20.511224716603692,0.27517735958099365,0.13259034428047017
20.51789286508113,0.05129782482981682,0.1336956204031594
20.52456101355857,0.004811461083590984,0.13145277468720448
20.53122916203601,0.5817166566848755,0.14730704395333305
20.537897310513447,0.011177296750247478,0.14706722284900026
20.54456545899089,0.3263004422187805,0.15696064765797926
20.551233607468326,0.5991685390472412,0.17112657810794188
20.557901755945768,0.08025144785642624,0.1694801465724595
20.564569904423205,0.1863846629858017,0.16472390677081422
20.571238052900647,0.023672711104154587,0.16117856941418723
20.577906201378084,0.020448144525289536,0.15093284818576652
20.584574349855526,0.8888750672340393,0.1952351211104542
20.591242498332964,0.04360625892877579,0.19123561219312252
20.597910646810405,0.665797770023346,0.22318514646030962
20.604578795287843,0.013951105065643787,0.20866721095517277
20.61124694376528,0.019842660054564476,0.2064417917281389
20.617915092242722,0.0724896565079689,0.20979386330582203
20.62458324072016,0.07768227905035019,0.21343879499472676
20.6312513891976,0.11891170591115952,0.20744524137116968
20.63791953767504,0.04854593798518181,0.2055054493714124
20.64458768615248,0.051498398184776306,0.1943215013016015
20.651255834629918,1.261553168296814,0.2548342684749514
20.65792398310736,0.2748875319957733,0.2683380720205605
20.664592131584797,0.035251520574092865,0.24101481521502136
20.67126028006224,0.048374347388744354,0.24287466774694622
20.677928428539676,0.004928916692733765,0.22680609147064384
20.684596577017118,0.033772170543670654,0.1985362730454653
20.691264725494555,0.010379999876022339,0.19504270064644513
20.697932873971993,0.0684751570224762,0.18914722534827885
20.704601022449435,0.23271264135837555,0.1995992218609899
20.711269170926872,0.15865808725357056,0.20650971899740397
20.717937319404314,0.06824440509080887,0.16547818589024246
20.72460546788175,0.0013450785772874951,0.16336512687266805
20.731273616359193,0.3799058496952057,0.149070530856261
20.73794176483663,0.15175458788871765,0.1559607049974147
20.744609913314072,2.1905782222747803,0.2644974831084255
20.75127806179151,0.3131219744682312,0.27652909900643863
20.75794621026895,0.06499273329973221,0.2758946217189077
20.76461435874639,0.016943320631980896,0.27079620245494884
20.77128250722383,0.5246043801307678,0.29459912456222814
20.777950655701268,0.34143227338790894,0.30909581832238475
20.784618804178706,0.13316088914871216,0.2526762043649796
20.791286952656147,0.10117147117853165,0.24399040132411756
20.797955101133585,0.2561791241168976,0.2550367815012578
20.804623249611026,0.995890736579895,0.30241260096081535
20.811291398088464,1.0360177755355835,0.35396704390295786
20.817959546565906,0.04119858145713806,0.3543383644486312
20.824627695043343,0.928714394569397,0.4002550841832999
20.831295843520785,0.0949527770280838,0.40157896518358027
20.837963991998222,1.1404061317443848,0.4469636397028808
20.844632140475664,0.04935682937502861,0.44149857680895366
20.8513002889531,0.0006061503081582487,0.43811666406982114
20.857968437430543,0.09507805109024048,0.4428033126954688
20.86463658590798,0.04878327623009682,0.4262471840222134
20.87130473438542,0.16747768223285675,0.42703333873942034
20.87797288286286,2.515669584274292,0.4432879068393959
20.884641031340298,0.42845726013183594,0.44905467112257613
20.89130917981774,0.4600756764411926,0.4688088182796492
20.897977328295177,1.005049467086792,0.5182141256023898
20.904645476772618,0.1504741758108139,0.49950761538639205
20.911313625250056,0.025636356323957443,0.4837178195331944
20.917981773727497,0.20132188498973846,0.48712586932524565
20.924649922204935,0.10000284016132355,0.4870674377743853
20.931318070682376,0.21785816550254822,0.48515138984366785
20.937986219159814,0.0964556634426117,0.4401796361868037
20.944654367637256,0.3613472878932953,0.40644611180468937
20.951322516114693,0.011136161163449287,0.4049429907900049
20.95799066459213,0.002944590989500284,0.35865450061101
20.964658813069573,0.007627915591001511,0.35428825753915594
20.97132696154701,0.03136267885565758,0.2988360848947196
20.97799511002445,0.012993281707167625,0.2970179075113265
20.98466325850189,0.5804187655448914,0.3260085382731632
20.99133140697933,0.017907416447997093,0.32215000654105097
20.99799955545677,0.015058927237987518,0.32046378909144557
21.00466770393421,0.3618500232696533,0.33018240614328537
21.011335852411648,0.0138158043846488,0.20508971714880317
21.01800400088909,0.02481955662369728,0.18490783197339625
21.024672149366527,0.5536085963249207,0.18958447796758265
21.031340297843965,0.042889587581157684,0.14147648399230092
21.038008446321406,0.024996792897582054,0.1352026148466393
21.044676594798844,0.9641334414482117,0.18212746910285202
21.051344743276285,0.00788138248026371,0.17245544397737833
21.058012891753723,0.15110646188259125,0.1750106250634417
21.064681040231164,0.04144885390996933,0.16619015948381277
21.071349188708602,0.12484084069728851,0.1676094183465466
21.078017337186044,0.02638445980846882,0.15086127694230528
21.08468548566348,0.11922678351402283,0.15626580805983395
21.091353634140923,0.27851569652557373,0.1700443633366376
21.09802178261836,0.009491316974163055,0.17013753340579568
21.104689931095802,0.6979220509529114,0.20346550201065838
21.11135807957324,0.8200358152389526,0.24381762868724763
21.118026228050677,0.02130507491528988,0.21586194415576757
21.12469437652812,0.04166043922305107,0.21704959529452028
21.131362525005557,0.7920008897781372,0.25589669342152777
21.138030673482998,0.024359699338674545,0.23902217722497884
21.144698821960436,0.07566540688276291,0.24211465734988452
21.151366970437877,0.04347412660717964,0.24304738584905863
21.158035118915315,0.05753498524427414,0.21824370529502632
21.164703267392756,0.92954021692276,0.26257623676210645
21.171371415870194,0.018948571756482124,0.2622738257050515
21.178039564347635,0.24398046731948853,0.22626617699861526
21.184707712825073,0.024218760430812836,0.22708304589614273
21.191375861302514,0.007979663088917732,0.21992670595645908
21.198044009779952,0.10808314383029938,0.2232584204524756
21.20471215825739,0.9070186614990234,0.2623673114925623
21.21138030673483,0.0774349719285965,0.26491983709856864
21.21804845521227,0.09160260111093521,0.26353862797841426
21.22471660368971,0.07410529255867004,0.25331810778006913
21.23138475216715,0.019341057166457176,0.2538105947896838
21.23805290064459,1.6197741031646729,0.2999031974002718
21.244721049122028,0.9509750008583069,0.30645015668123965
21.25138919759947,0.5005120038986206,0.3304105031304062
21.258057346076907,0.04907543212175369,0.3307812527753413
21.264725494554348,0.18468241393566132,0.3004153289832175
21.271393643031786,0.02461838349699974,0.30042826319113375
21.278061791509227,0.02276071533560753,0.297783028613776
21.284729939986665,0.03753812611103058,0.29748622858896856
21.291398088464103,0.031333692371845245,0.2961761639453471
21.298066236941544,0.010684945620596409,0.25023340038023895
21.304734385418982,0.17913506925106049,0.25824272525496783
21.311402533896423,0.18303616344928741,0.2551955100614578
21.31807068237386,0.022232506424188614,0.2550961973611266
21.324738830851302,0.011605698615312576,0.2552774991374463
21.33140697932874,0.09347564727067947,0.25454712430946524
21.33807512780618,0.11275599151849747,0.21483399081043897
21.34474327628362,0.19581371545791626,0.22075292798690496
21.35141142476106,0.13560500741004944,0.2229530483018607
21.3580795732385,0.13644492626190186,0.22607002998702228
21.364747721715936,0.012946047820150852,0.22575027951970697
21.371415870193378,0.08445288240909576,0.1489842184819281
21.378084018670815,0.20922523736953735,0.11189673030748964
21.384752167148257,0.1479925662279129,0.09427075842395426
21.391420315625695,0.060675058513879776,0.09485073974356056
21.398088464103136,0.009977428242564201,0.08611549045890571
21.404756612580574,0.11011429876089096,0.09039028622210027
21.411424761058015,0.1820346862077713,0.09835398476570846
21.418092909535453,0.00846747774630785,0.09690045234747231
21.424761058012894,0.010621833615005016,0.09586485940963031
21.431429206490332,0.051786042749881744,0.09791991426609457
21.438097354967773,0.20416155457496643,0.09917123853228986
21.44476550344521,0.02545919083058834,0.09129238990135491
21.45143365192265,0.5759545564651489,0.11897849240340293
21.45810180040009,0.01539828535169363,0.119168121740222
21.464769948877528,0.3185996413230896,0.1304243214428425
21.47143809735497,1.6902964115142822,0.20930134244263174
21.478106245832407,0.6046848297119141,0.22974489815533164
21.48477439430985,0.19667428731918335,0.2327983621507883
21.491442542787286,0.04026767611503601,0.22798949964344503
21.498110691264728,0.047260407358407974,0.22970521762035792
21.504778839742166,0.15056055784225464,0.23301060139201588
21.511446988219607,0.11737336218357086,0.22841800763271755
21.518115136697045,0.39586207270622253,0.24081148295663302
21.524783285174486,0.08774016052484512,0.24216473805718125
21.531451433651924,0.01930513232946396,0.24263112326152628
21.53811958212936,0.0176458228379488,0.23800769946537914
21.544787730606803,0.04225190356373787,0.23101856033317747
21.55145587908424,0.29922640323638916,0.24555650660768155
21.558124027561682,0.008911355398595333,0.24547098269686107
21.56479217603912,0.028128543868660927,0.2442881077528
21.57146032451656,0.11648959666490555,0.23990450985729692
21.578128472994,0.08139830082654953,0.242701465357095
21.58479662147144,0.4816785454750061,0.23798766480758787
21.591464769948878,0.02695431374013424,0.23856546622700991
21.59813291842632,0.031640391796827316,0.2242175037506968
21.604801066903757,0.006570058409124613,0.14003118609543888
21.6114692153812,0.07776948809623718,0.11368541901465505
21.618137363858636,1.044540286064148,0.15607871895190328
21.624805512336074,0.2143680453300476,0.16478373741265387
21.631473660813516,1.1239606142044067,0.2186187477549538
21.638141809290953,0.8457300066947937,0.2533772201975808
21.644809957768395,0.04678213968873024,0.24984765907283873
21.651478106245833,0.7101127505302429,0.26556019296403977
21.658146254723274,0.06730975210666656,0.26453867254313085
21.66481440320071,0.05987241864204407,0.2665670368587599
21.671482551678153,0.045749977231025696,0.2679722445784137
21.67815070015559,0.03845381364226341,0.2677823400823399
21.684818848633032,0.10700192302465439,0.2581711160717532
21.69148699711047,0.008809761144220829,0.2581660363590344
21.69815514558791,0.12394443154335022,0.26295683074276893
21.70482329406535,0.04542563855648041,0.25940363283734763
21.711491442542787,0.16907791793346405,0.26378761369269343
21.71815959102023,0.039353691041469574,0.24167137097101657
21.724827739497666,0.022341392934322357,0.241440724930726
21.731495887975107,0.028810149058699608,0.2412992127938196
21.738164036452545,0.054309964179992676,0.243686208082363
21.744832184929987,0.44060754776000977,0.26182811106555165
21.751500333407424,0.07737342268228531,0.2134697678964585
21.758168481884866,0.08808491379022598,0.20715561131946744
21.764836630362304,0.12684288620948792,0.1572997249197215
21.771504778839745,2.335747480392456,0.2318005986046046
21.778172927317183,0.06421028077602386,0.23267200565896928
21.78484107579462,0.02527601458132267,0.19843016886152326
21.791509224272062,1.19395112991333,0.2547622377518564
21.7981773727495,0.032245226204395294,0.25338087812997395
21.80484552122694,0.6913080811500549,0.2856587833259254
21.81151366970438,0.0707947164773941,0.28727582846768196
21.81818181818182,0.02013615518808365,0.28293254007585344
21.824849966659258,0.38629892468452454,0.30180699825286866
21.8315181151367,0.0014972310746088624,0.2956846382294316
21.838186263614137,0.015347057953476906,0.2941807091992814
21.84485441209158,0.05504896864295006,0.2884792617347557
21.851522560569016,0.3512542247772217,0.3040742884215433
21.858190709046458,0.06776393204927444,0.3063454153772909
21.864858857523895,0.03307969868183136,0.3065588928584475
21.871527006001333,0.005844151135534048,0.30413560220622465
21.878195154478774,0.004171052016317844,0.28231377741903996
21.884863302956212,0.18683961033821106,0.28778708680183623
21.891531451433654,0.030172979459166527,0.2848914900852833
21.89819959991109,0.5497814416885376,0.30603841785923575
21.904867748388533,0.09748213738203049,0.1941251507087145
21.91153589686597,0.17523489892482758,0.1996763816161547
21.918204045343412,0.027129950001835823,0.19976907838718036
21.92487219382085,0.07626539468765259,0.14388479162589646
21.93154034229829,0.19786454737186432,0.1521657576842699
21.93820849077573,0.012559118680655956,0.11822830956079997
21.94487663925317,0.006012157537043095,0.11498918161378244
21.951544787730608,0.016345124691724777,0.11479963008896449
21.958212936208046,0.1414743959903717,0.10255840365425684
21.964881084685487,0.026582514867186546,0.10381266784388574
21.971549233162925,0.06362898647785187,0.10622676427010448
21.978217381640366,0.00355438026599586,0.10365203485125676
21.984885530117804,0.05254029855132103,0.08871633853996173
21.991553678595245,0.13081835210323334,0.09186905954265968
21.998221827072683,1.1129627227783203,0.14586321074748412
22.004889975550125,0.019428104162216187,0.14654240839881824
22.011558124027562,0.19397877156734467,0.15603279437636955
22.018226272505004,0.012418949976563454,0.1473117613582872
22.02489442098244,0.054600413888692856,0.1485331330797635
22.031562569459883,0.01728733815252781,0.12190842790296302
22.03823071793732,0.0860627144575119,0.12133745675673709
22.04489886641476,0.013782010413706303,0.11326481233118102
22.0515670148922,0.2910037934780121,0.12645850450498983
22.058235163369638,0.09364848583936691,0.12732765906257557
22.06490331184708,0.2732253074645996,0.1310956970672123
22.071571460324517,0.14237895607948303,0.13758668893715367
22.078239608801958,0.06351606547832489,0.14046188433421777
22.084907757279396,0.0169907845556736,0.1404941673274152
22.091575905756837,0.005955416709184647,0.13371821836335587
22.098244054234275,0.11165209859609604,0.13797169754980135
22.104912202711716,0.09886434674263,0.13973346556304023
22.111580351189154,0.2522321939468384,0.15216735624708236
22.118248499666596,0.02179897390305996,0.15063029001466932
22.124916648144033,0.02741648629307747,0.14546019672416152
22.13158479662147,0.5313721895217896,0.11638067006133497
22.138252945098913,0.0533866360783577,0.11807859665714206
22.14492109357635,0.10362011939287186,0.11356066404841843
22.15158924205379,0.050189726054668427,0.11544920285232367
22.15825739053123,0.198503777384758,0.12264437102712693
22.16492553900867,1.493544578552246,0.19645723304711282
22.17159368748611,0.02508736215531826,0.19340846543200316
22.17826183596355,0.11921215057373047,0.19867997244000435
22.184929984440988,0.13233743607997894,0.19074665457010267
22.19159813291843,0.213285431265831,0.1967285018414259
22.198266281395867,0.17496584355831146,0.19181552864611148
22.204934429873305,1.225825309753418,0.24598784632980825
22.211602578350746,0.05877229571342468,0.24575065784156322
22.218270726828184,0.024981465190649033,0.24615019187331197
22.224938875305625,0.07416190952062607,0.24956051651388408
22.231607023783063,0.12695743143558502,0.2503257831558585
22.238275172260504,0.19338570535182953,0.25505185108631845
22.244943320737942,0.09507951885461807,0.2471942173317075
22.251611469215383,0.09854735434055328,0.25103163635358217
22.25827961769282,0.04346185922622681,0.2518339050002396
22.264947766170263,0.024345632642507553,0.2264825771562755
22.2716159146477,0.009425586089491844,0.22428452465683224
22.27828406312514,0.06925668567419052,0.22256635297089816
22.28495221160258,0.03557390347123146,0.2218355618417263
22.291620360080017,0.49124494194984436,0.23647262006998063
22.29828850855746,0.020183660089969635,0.1628045741468668
22.304956657034896,0.7259078025817871,0.19784559616819025
22.311624805512338,0.0031915567815303802,0.19204456647858026
22.318292953989776,1.8410935401916504,0.27748237168416384
22.324961102467217,0.24830381572246552,0.27923329090699556
22.331629250944655,0.18571461737155914,0.279770729597658
22.338297399422096,0.3945806622505188,0.23820849722251294
22.344965547899534,0.657525897026062,0.2681461772881448
22.351633696376975,0.05103044584393501,0.2694486263208091
22.358301844854413,0.04209662601351738,0.2678453621454537
22.364969993331854,0.008029387332499027,0.2618989599402994
22.371638141809292,1.6036943197250366,0.3324143906589597
22.37830629028673,0.0052830372005701065,0.32792456657625735
22.38497443876417,0.011678017675876617,0.3235810997430235
22.39164258724161,0.025381138548254967,0.3226770637091249
22.39831073571905,0.006848030723631382,0.3218021836131812
22.40497888419649,0.0059708524495363235,0.3216294469311834
22.41164703267393,0.6542083621025085,0.35087703075259924
22.418315181151367,0.2978484332561493,0.36399075724184515
22.42498332962881,1.0084412097930908,0.38985057063400747
22.431651478106247,0.037076435983181,0.39069520942866803
22.438319626583688,0.11934816837310791,0.3603672277182341
22.444987775061126,0.015325582586228848,0.36097392900846903
22.451655923538567,0.058403950184583664,0.27183944950811567
22.458324072016005,0.025194942951202393,0.2606840058695525
22.464992220493443,0.05356527492403984,0.2540765387471765
22.471660368970884,0.12511560320854187,0.24060328579507767
22.478328517448322,0.025441428646445274,0.2089990623760969
22.484996665925763,0.09126133471727371,0.21101060681976383
22.4916648144032,0.029141006991267204,0.2103628258686513
22.498332962880642,0.04069322347640991,0.21199601767584686
22.50500111135808,0.034707263112068176,0.13354666484519842
22.51166925983552,0.24646295607089996,0.1456056607887149
22.51833740831296,0.1427081823348999,0.15215716902166604
22.5250055567904,0.9946488738059998,0.2006205557845533
22.53167370526784,0.024052854627370834,0.20148079697974025
22.538341853745276,0.007289627101272345,0.2015467357123271
22.545010002222718,0.01971147395670414,0.16982189130503686
22.551678150700155,1.076444387435913,0.20875168901402502
22.558346299177597,0.018844198435544968,0.15927183844614773
22.565014447655035,0.22747640311717987,0.16879183680284768
22.571682596132476,1.1131874322891235,0.21848379999864848
22.578350744609914,0.38603854179382324,0.2370194479590282
22.585018893087355,0.19978466629981995,0.24408848376479003
22.591687041564793,0.14747285842895508,0.2502023795386777
22.598355190042234,0.45802053809165955,0.27042514269705864
22.605023338519672,0.0008012264152057469,0.2642094238573918
22.611691486997113,0.8854154348373413,0.30720812416693666
22.61835963547455,0.04764880985021591,0.30502749792358375
22.62502778395199,1.3234014511108398,0.3697405201295624
22.63169593242943,0.024008039385080338,0.36890626092499595
22.638364080906868,0.5230509042739868,0.3933234429830919
22.64503222938431,0.14332996308803558,0.38816679333394866
22.651700377861747,1.0897037982940674,0.4355165741319071
22.65836852633919,0.7407634854316711,0.4228223047131906
22.665036674816626,1.3059569597244263,0.4869175099680434
22.671704823294068,0.2993934452533722,0.5015227008756484
22.678372971771505,0.0307875107973814,0.5020765027176823
22.685041120248947,0.03782009333372116,0.4501452880125726
22.691709268726385,0.4629928767681122,0.47235272192920097
22.698377417203826,0.3323359787464142,0.4775957007106627
22.705045565681264,0.19001106917858124,0.4314368825551356
22.7117137141587,2.159688949584961,0.5201194029446925
22.718381862636143,0.0148636344820261,0.5108733513538027
22.72505001111358,0.34681105613708496,0.5208402612392092
22.731718159591022,0.02034571021795273,0.4989565198455239
22.73838630806846,0.18169094622135162,0.5080010058358312
22.7450544565459,0.0050537497736513615,0.4639829215826467
22.75172260502334,0.935660719871521,0.5083835170837119
22.75839075350078,0.008721661753952503,0.4426495276158675
22.765058901978218,0.45491331815719604,0.46419479155447335
22.77172705045566,0.47918301820755005,0.46200139725115147
22.778395198933097,0.12636125087738037,0.46115296164061875
22.78506334741054,0.018763147294521332,0.4076059290906415
22.791731495887976,0.08060665428638458,0.37459808753337714
22.798399644365414,0.856891930103302,0.35214483605232094
22.805067792842856,0.06609243899583817,0.34047978573944426
22.811735941320293,0.2005256712436676,0.34896669376175854
22.818404089797735,0.24997027218341827,0.3595742027042434
22.825072238275173,0.0031674406491219997,0.3365829308982939
22.831740386752614,0.003432501805946231,0.3201377570512705
22.83840853523005,0.46616119146347046,0.333945263165515
22.845076683707493,0.09385857731103897,0.23065374455181886
22.85174483218493,0.01699667237699032,0.23076039644656704
22.858412980662372,0.016610564664006233,0.2142503718729131
22.86508112913981,0.02240542508661747,0.21435335761634636
22.87174927761725,0.13691598176956177,0.21211460939375684
22.87841742609469,0.03431776538491249,0.21357781017431993
22.885085574572127,0.1491282433271408,0.1742511863471009
22.89175372304957,0.35350820422172546,0.19149051347048954
22.898421871527006,0.5642741322517395,0.1969585541752167
22.905090020004447,0.04753559082746506,0.17537618280621245
22.911758168481885,0.01216708030551672,0.16966647427761927
22.918426316959327,0.21515479683876038,0.17948605675483123
22.925094465436764,0.07046935707330704,0.17897919189417738
22.931762613914206,1.8708651065826416,0.22967785071814434
22.938430762391643,0.5083673596382141,0.25179159675026314
22.945098910869085,0.016643255949020386,0.24259747598553077
22.951767059346523,0.3877952992916107,0.2494887273409404
22.95843520782396,0.2998989224433899,0.2643253014306538
22.9651033563014,0.008111598901450634,0.264559256285429
22.97177150477884,0.20013131201267242,0.2512577623128891
22.97843965325628,0.0841091126203537,0.25077028907835486
22.98510780173372,0.006204122211784124,0.25023066157009455
22.99177595021116,0.04772995039820671,0.2517866308568045
22.998444098688598,1.3119373321533203,0.3162632262101397
23.00511224716604,0.12392854690551758,0.31561385446693746
23.011780395643477,0.06556230783462524,0.3171760815894231
23.01844854412092,0.05959876999258995,0.31269960792269563
23.025116692598356,1.3237903118133545,0.36121371330227703
23.031784841075797,0.00745869567617774,0.333372941473499
23.038452989553235,0.17863115668296814,0.3399277197662741
23.045121138030673,0.16839691996574402,0.34773921174928546
23.051789286508114,0.05434411019086838,0.33969867741689086
23.058457434985552,0.33387720584869385,0.3528690698556602
23.065125583462994,0.06878706812858582,0.2627651679329574
23.07179373194043,0.11867360025644302,0.2432804799638688
23.078461880417873,0.4029698371887207,0.26259680902585386
23.08513002889531,0.005826330278068781,0.24349836057517682
23.091798177372752,0.031534578651189804,0.2300801433855668
23.09846632585019,0.026442037895321846,0.23099666533526034
23.10513447432763,0.14647361636161804,0.22831378055270762
23.11180262280507,0.031044764444231987,0.22566056314390154
23.11847077128251,0.24554818868637085,0.23762776646763084
23.125138919759948,2.1229848861694336,0.3413905132561922
23.131807068237386,0.03490021079778671,0.2775386571884155
23.138475216714827,0.13850262761116028,0.27826736122369766
23.145143365192265,0.8197532296180725,0.3159769073128701
23.151811513669706,0.4016648232936859,0.33308020997792487
23.158479662147144,0.018329620361328125,0.2678071754053235
23.165147810624585,0.05452395975589752,0.27016043860930955
23.171815959102023,1.3985257148742676,0.3311551665188745
23.178484107579465,0.01152259111404419,0.3233114500762895
23.185152256056902,0.14288879930973053,0.3277386845322326
23.191820404534344,1.9662061929702759,0.4093551338883117
23.19848855301178,0.014113025739789009,0.40662143176887183
23.205156701489223,0.2915128767490387,0.4152633955935016
23.21182484996666,0.5818959474563599,0.42420970110688355
23.2184929984441,0.05123630166053772,0.42648019967600703
23.22516114692154,0.035323694348335266,0.42666965546086427
23.231829295398978,0.33099693059921265,0.4418974000960588
23.23849744387642,0.09622824192047119,0.4393851313740015
23.245165592353857,0.044350653886795044,0.4400504258461297
23.251833740831298,0.2598074674606323,0.44076338978484275
23.258501889308736,0.2045309692621231,0.34484069393947725
23.265170037786177,0.3570782244205475,0.3609495946206153
23.271838186263615,0.007426799740642309,0.35439580322708936
23.278506334741056,0.40604740381240845,0.3337105119368061
23.285174483218494,0.10348529368638992,0.3188015354564413
23.291842631695932,0.29676932096481323,0.33272352048661563
23.298510780173373,0.16284097731113434,0.33813937136437744
23.30517892865081,0.15472914278507233,0.2759495427599177
23.311847077128252,0.0044219354167580605,0.2755945099750534
23.31851522560569,0.07527916878461838,0.27221402844879783
23.32518337408313,0.1885395646095276,0.18333069703076035
23.33185152256057,0.00945266429334879,0.18309767895843837
23.33851967103801,0.030646931380033493,0.1700543816899881
23.34518781951545,0.004766469355672598,0.14119790778495375
23.35185596799289,0.24004164338111877,0.15063817487098277
23.358524116470328,0.0538676418364048,0.15156537224538624
23.36519226494777,1.7327589988708496,0.2216534756589681
23.371860413425207,0.05449706315994263,0.21956691672094167
23.378528561902645,0.02422923780977726,0.2185608459170908
23.385196710380086,0.09823240339756012,0.2104820927139372
23.391864858857524,0.03495868667960167,0.2020034785848111
23.398533007334965,0.25384393334388733,0.1968417640309781
23.405201155812403,1.638814091682434,0.27841112862806766
23.411869304289844,0.6598244309425354,0.291099979984574
23.418537452767282,0.3349071145057678,0.3026710710255429
23.425205601244723,0.07901827245950699,0.2917835186002776
23.43187374972216,0.014977529644966125,0.2843903462169692
23.438541898199603,0.03834494948387146,0.2785711365519091
23.44521004667704,0.35000506043434143,0.29585029280278835
23.45187819515448,0.8188806176185608,0.3330303652444855
23.45854634363192,0.11829470098018646,0.32951812206301845
23.465214492109357,0.04822007194161415,0.3314564924454316
23.4718826405868,1.12599778175354,0.38622403496410695
23.478550789064236,0.041976988315582275,0.3880845609121024
23.485218937541678,0.007684315554797649,0.3764666945207864
23.491887086019116,0.8377072811126709,0.41565867648459975
23.498555234496557,0.0389430932700634,0.33096788120456033
23.505223382973995,0.0077379439026117325,0.3286299252416938
23.511891531451436,0.18798206746578217,0.33681756672449403
23.518559679928874,0.02893032133579254,0.33335246262140567
23.525227828406315,0.09238660335540771,0.336223858455196
23.531895976883753,0.4163195788860321,0.34434764073230323
23.538564125361194,0.18180251121520996,0.27149706170894206
23.545232273838632,0.11323735117912292,0.24416770772077145
23.55190042231607,0.03144906461238861,0.2289948052261025
23.55856857079351,0.5565942525863647,0.25287360423244537
23.56523671927095,0.016289707273244858,0.2529392131138593
23.57190486774839,0.009783639572560787,0.25151114761829374
23.57857301622583,0.3091348111629486,0.24946763515472414
23.58524116470327,0.052772194147109985,0.2111622139811516
23.591909313180707,0.5249409675598145,0.231494527310133
23.59857746165815,0.02076055109500885,0.2301215512678027
23.605245610135587,0.40337052941322327,0.19399018865078688
23.611913758613028,0.4687296152114868,0.2153278199955821
23.618581907090466,2.896902561187744,0.3597887322772294
23.625250055567907,0.047869130969047546,0.3202968247700482
23.631918204045345,0.10208578407764435,0.32345395931042725
23.638586352522783,0.21124300360679626,0.3336292122956365
23.645254501000224,0.056312911212444305,0.32704575448296963
23.65192264947766,0.0827491357922554,0.32973669520579274
23.658590797955103,0.09561959654092789,0.32989834486506875
23.66525894643254,0.21619674563407898,0.3198922032024711
23.671927094909982,0.012789160944521427,0.31144153568893673
23.67859524338742,0.06989939510822296,0.3092746378853917
23.68526339186486,0.01903189718723297,0.3086537795141339
23.6919315403423,0.2314157485961914,0.29239485431462525
23.69859968881974,0.9675614237785339,0.33995844013988974
23.70526783729718,1.4821032285690308,0.41357441958971325
23.711935985774616,0.09509055316448212,0.40287220668978985
23.718604134252057,0.033750053495168686,0.40192109965719275
23.725272282729495,0.1188376322388649,0.38161593289114537
23.731940431206937,0.039397552609443665,0.3825477829668671
23.738608579684374,0.3048912286758423,0.37762381792999805
23.745276728161816,0.9014397859573364,0.39925932646729057
23.751944876639254,0.48420199751853943,0.2786242982838303
23.758613025116695,0.0166483074426651,0.2770632571075112
23.765281173594133,0.08116760849952698,0.2760173483286053
23.771949322071574,0.14088283479213715,0.2724993398878724
23.778617470549012,0.39714595675468445,0.28954099216498436
23.785285619026453,0.11607120931148529,0.29120709584094595
23.79195376750389,0.4201730787754059,0.3074347699526698
23.79862191598133,0.013380516320466995,0.29729395848698914
23.80529006445877,0.11547650396823883,0.30242832563817507
23.811958212936208,0.0453517846763134,0.3012009451165795
23.81862636141365,0.02716183476150036,0.3016074419952929
23.825294509891087,0.04484139755368233,0.29227872444316744
23.83196265836853,0.12957486510276794,0.2503793965093792
23.838630806845966,0.10790633410215378,0.18166955178603528
23.845298955323408,0.0520828552544117,0.17951916689053177
23.851967103800845,0.0193646103143692,0.1787998947314918
23.858635252278287,0.45584383606910706,0.1956502049230039
23.865303400755725,0.857295572757721,0.23654510593041775
23.871971549233166,0.17432115972042084,0.2300166024826467
23.878639697710604,0.012271626852452755,0.18555819452740252
23.88530784618804,0.3506516218185425,0.17888067574240266
23.891975994665483,0.1920255720615387,0.18764953897334635
23.89864414314292,0.30410036444664,0.198796176770702
23.905312291620362,2.095038414001465,0.2965039557311684
23.9119804400978,0.0866098701953888,0.2809771514032036
23.91864858857524,0.020424330607056618,0.2761948074679822
23.92531673705268,0.03191305324435234,0.25678180619142954
23.93198488553012,0.038316912949085236,0.2580286260228605
23.938653034007558,0.096768319606781,0.2570932168047876
23.945321182485,0.00611212057992816,0.25513123359996825
23.951989330962437,0.12664340436458588,0.26010531208012255
23.95865747943988,0.09039583057165146,0.26238303373102106
23.965325627917316,0.11629057675600052,0.2617188193136827
23.971993776394754,0.6242961883544922,0.28753831202629954
23.978661924872195,0.008388768881559372,0.28535360770765694
23.985330073349633,0.11739493161439896,0.29025512377265844
23.991998221827075,0.010027220472693443,0.26796429299283775
23.998666370304512,0.05595419928431511,0.22789722431916745
24.005334518781954,0.017198428511619568,0.22004108775872738
24.01200266725939,0.2421736717224121,0.23153619000222533
24.018670815736833,0.0942387729883194,0.21871554756071418
24.02533896421427,0.05094289779663086,0.2116614138474688
24.032007112691712,0.3309280276298523,0.2130027970066294
24.03867526116915,0.014811438508331776,0.10899144823197275
24.045343409646588,0.6936943531036377,0.1393456723773852
24.05201155812403,0.01949184760451317,0.13929904822725803
24.058679706601467,0.04602235183119774,0.14000451315660029
24.065347855078908,0.14332804083824158,0.1452550695510581
24.072016003556346,0.04077693074941635,0.1424555001081899
24.078684152033787,0.09944562613964081,0.14712217538617553
24.085352300511225,0.12380808591842651,0.14698040946386756
24.092020448988666,0.011968566104769707,0.14305904624052349
24.098688597466104,0.1903751641511917,0.14676327561028304
24.105356745943546,1.2809268236160278,0.1795948073733598
24.112024894420983,0.008698847144842148,0.17961031128652394
24.118693042898425,0.05635915696620941,0.17655852255411447
24.125361191375863,0.011604183353483677,0.17663737069815397
24.1320293398533,0.09482124447822571,0.17858072295784952
24.13869748833074,0.012415442615747452,0.1783415736630559
24.14536563680818,0.02311183325946331,0.16738848173990847
24.15203378528562,0.21730443835258484,0.17354176500812174
24.15870193376306,1.147594690322876,0.22837435463443398
24.1653700822405,0.05435039475560188,0.21454547299072146
24.172038230717938,0.15479780733585358,0.22154479143209757
24.17870637919538,0.051755622029304504,0.18944785487838092
24.185374527672817,0.03136151283979416,0.19004133814014498
24.19204267615026,0.09917903691530228,0.19269917239435022
24.198710824627696,0.14565157890319824,0.19281534929759805
24.205378973105137,0.025344325229525566,0.19204371902160347
24.212047121582575,0.18221798539161682,0.19618233698420226
24.218715270060013,0.984804630279541,0.23923216420225799
24.225383418537454,0.0435776561498642,0.24081261870451273
24.232051567014892,0.018303491175174713,0.23220903505571186
24.238719715492334,0.07714451104402542,0.17201991942711173
24.24538786396977,0.12134808301925659,0.17765238122083246
24.252056012447213,0.030904527753591537,0.1763796497602016
24.25872416092465,0.2533436715602875,0.18846662417054177
24.265392309402092,0.005912333261221647,0.18402117860969158
24.27206045787953,0.19064682722091675,0.19293274783995001
24.27872860635697,0.014881941489875317,0.19252125325147065
24.28539675483441,0.38709646463394165,0.20101085456553847
24.29206490331185,0.03954608365893364,0.14560842423234138
24.298733051789288,0.1987651288509369,0.1528291609371081
24.305401200266726,0.05910154804587364,0.1480443479726091
24.312069348744167,1.0523391962051392,0.19807352668140082
24.318737497221605,0.2680121064186096,0.2099060563603416
24.325405645699046,0.016837261617183685,0.2057889675954357
24.332073794176484,0.011570116505026817,0.19908489447552713
24.338741942653925,0.8720026016235352,0.24141780829522763
24.345410091131363,0.7842075824737549,0.2715172881493345
24.352078239608804,0.01325219962745905,0.22293966661673043
24.358746388086242,0.12913209199905396,0.2272173884091899
24.365414536563684,0.07650202512741089,0.2301273151068017
24.37208268504112,0.02905205637216568,0.22772269237320872
24.378750833518563,0.04353390261530876,0.2238319833530113
24.385418981996,0.005462038330733776,0.2225598588818684
24.39208713047344,0.07595949620008469,0.21369065011385832
24.39875527895088,1.8500338792800903,0.30589672741480173
24.405423427428317,0.05166713148355484,0.29894774262793367
24.41209157590576,0.08508934080600739,0.3024581125937402
24.418759724383197,0.016416799277067184,0.2839241293258965
24.425427872860638,0.006291927769780159,0.28226142153143885
24.432096021338076,0.3463488221168518,0.2896406061947346
24.438764169815517,0.02997427061200142,0.28818424232304096
24.445432318292955,0.029200511053204536,0.23702730806544428
24.452100466770396,0.010832119733095169,0.22416830873116853
24.458768615247834,0.3313373625278473,0.23989331377670167
24.465436763725272,0.024910755455493927,0.24056034572422502
24.472104912202713,0.020839812234044075,0.19800220625475048
24.47877306068015,0.19793733954429626,0.16868869410827755
24.485441209157592,0.10320843011140823,0.17318650563247506
24.49210935763503,2.544398546218872,0.29394982834346595
24.49877750611247,0.03170012682676315,0.29170973342843354
24.50544565458991,0.026276860386133194,0.2915709736291319
24.51211380306735,0.28194791078567505,0.30349167403765026
24.51878195154479,0.05079071223735809,0.30575810773298145
24.52545010002223,0.06780112534761429,0.3053501891903579
24.532118248499668,0.19716551899909973,0.22270677117630835
24.53878639697711,0.1152438297867775,0.22588560609146952
24.545454545454547,0.01901216432452202,0.22258174726739527
24.552122693931985,1.270637035369873,0.28529275907203555
24.558790842409426,0.018266744911670685,0.2858914999291301
24.565458990886864,0.08714085072278976,0.272931101359427
24.572127139364305,0.07026909291744232,0.274945842474699
24.578795287841743,0.6185194253921509,0.3044117881916463
24.585463436319184,0.019773660227656364,0.3048588652163744
24.592131584796622,0.0652613565325737,0.2915550649166107
24.598799733274063,0.06524116545915604,0.29357158541679385
24.6054678817515,0.5744451284408569,0.32125185122713446
24.612136030228942,0.01837560161948204,0.3122737643308937
24.61880417870638,0.0885847881436348,0.3115425822325051
24.62547232718382,0.8245640993118286,0.2255508598871529
24.63214047566126,0.049492210149765015,0.226440464053303
24.638808624138697,0.4224886894226074,0.24625105550512674
24.64547677261614,0.1373765766620636,0.2390224887989462
24.652144921093576,0.6029921770095825,0.2666325620375574
24.658813069571018,0.038632165640592575,0.26517411405220637
24.665481218048456,0.019342364743351936,0.25628295633941894
24.672149366525897,0.034070007503032684,0.25222426522523167
24.678817515003335,0.26767677068710327,0.2646574955433607
24.685485663480776,0.20433175563812256,0.21134223155677317
24.692153811958214,0.01683652214705944,0.21127072041854258
24.698821960435655,0.10413607954978943,0.21212048185989257
24.705490108913093,0.07829292118549347,0.21252167327329513
24.712158257390534,0.008868779055774212,0.1820391409564763
24.718826405867972,0.0496007576584816,0.18353049582801756
24.72549455434541,0.17023582756519318,0.18877921937964856
24.73216270282285,0.24025464057922363,0.19752989313565195
24.73883085130029,0.023291725665330887,0.16997222299687567
24.74549899977773,0.10977557301521301,0.1745422215666622
24.752167148255168,0.012904675677418709,0.1707582159433514
24.75883529673261,0.12668487429618835,0.13586425469256938
24.765503445210047,1.1182804107666016,0.1893036647234112
24.77217159368749,0.07980068027973175,0.17216926426626744
24.778839742164926,0.195834219455719,0.1750921464059502
24.785507890642368,0.062270596623420715,0.1480560673866421
24.792176039119806,0.16167843341827393,0.15420838077552618
24.798844187597247,0.014262450858950615,0.1539543850813061
24.805512336074685,0.19884589314460754,0.16219317936338484
24.812180484552123,0.04679684340953827,0.1511491829995066
24.818848633029564,0.012316646054387093,0.14154842752031985
24.825516781507,0.3719269335269928,0.1593029480893165
24.832184929984443,0.026077035814523697,0.15539999590255318
24.83885307846188,0.0282268188893795,0.1528966907877475
24.845521226939322,0.06579703837633133,0.15574310375377537
24.85218937541676,0.02757246047258377,0.15464168889448046
24.8588575238942,0.694196879863739,0.18083974150940774
24.86552567237164,0.11702409386634827,0.17467821417376395
24.87219382084908,0.554011344909668,0.20121419513598085
24.87886196932652,0.0873798355460167,0.20009440826252098
24.885530117803956,0.1675412952899933,0.20782623924314975
24.892198266281397,0.34999701380729675,0.21899184621870518
24.898866414758835,0.04685138538479805,0.165420394949615
24.905534563236277,0.15529397130012512,0.16919505950063468
24.912202711713714,0.012272552587091923,0.1600169761572033
24.918870860191156,0.02655228227376938,0.15823106043972077
24.925539008668594,0.4508119523525238,0.17268773638643325
24.932207157146035,0.352373331785202,0.18959328043274581
24.938875305623473,0.38771286606788635,0.19903662907890976
24.945543454100914,0.08456416428089142,0.2009249951224774
24.952211602578352,0.44189924001693726,0.22240412482060493
24.958879751055793,0.060142651200294495,0.20681491070427002
24.96554789953323,0.27721336483955383,0.21937172715552153
24.97221604801067,0.04964439943432808,0.22044260618276898
24.97888419648811,0.059986237436532974,0.22015206613577903
24.985552344965548,0.956247866153717,0.2665858364198357
24.99222049344299,0.06795431673526764,0.23527370826341212
24.998888641920427,0.06467627733945847,0.23265631743706763
25.00555679039787,1.1817280054092407,0.26404215046204627
25.012224938875306,0.2435760796070099,0.2718519626650959
25.018893087352748,0.01627485826611519,0.264288640813902
25.025561235830185,0.10274261981248856,0.2519259211141616
25.032229384307627,0.05342629551887512,0.2522546666208655
25.038897532785064,0.02519908919930458,0.24574992251582445
25.045565681262506,0.08950601518154144,0.24961159564554694
25.052233829739944,0.2973501980304718,0.26315149143338207
25.05890197821738,0.2156173586845398,0.25139176174998284
25.065570126694823,0.021341079846024513,0.23484014915302395
25.07223827517226,0.09792613983154297,0.2203508128412068
25.078906423649702,0.09251710772514343,0.2207484600134194
25.08557457212714,0.12296013534069061,0.20480150477960707
25.09224272060458,0.04228309914469719,0.2039085271768272
25.09891086908202,0.002599395113065839,0.19017782869050281
25.10557901755946,0.6952657699584961,0.22245889721671125
25.112247166036898,0.16084623336791992,0.22750189701328058
25.11891531451434,0.04280306026339531,0.1818296567187645
25.125583462991777,0.007533210329711437,0.1788086013984867
25.13225161146922,0.29003387689590454,0.19007648137630898
25.138919759946656,0.005535529460757971,0.13126685757888482
25.145587908424094,0.11785125732421875,0.12498061646474526
25.152256056901535,0.036232125014066696,0.12597847980214283
25.158924205378973,0.08436396718025208,0.12505954717053103
25.165592353856415,0.011606059968471527,0.12296853539301085
25.172260502333852,0.06248512864112854,0.12483283736510202
25.178928650811294,0.007246022112667561,0.12071983771165833
25.18559679928873,0.7098891735076904,0.14134678648551927
25.192264947766173,2.0185770988464355,0.23149477349361405
25.19893309624361,0.029406432062387466,0.23189804110443224
25.205601244721052,0.03763879835605621,0.2288836740306579
25.21226939319849,0.10773023962974548,0.229644330625888
25.218937541675928,0.09231144189834595,0.22811189595377074
25.22560569015337,0.02211594767868519,0.22710353838047015
25.232273838630807,0.012800712138414383,0.22761360423173757
25.238941987108248,0.009805381298065186,0.19334058479871602
25.245610135585686,0.25138232111930847,0.19786738918628546
25.252278284063127,0.03758104518055916,0.19760628843214365
25.258946432540565,0.007015925366431475,0.19758042418397964
25.265614581018006,1.707174301147461,0.26843744539655745
25.272282729495444,0.01704850047826767,0.2690130939474329
25.278950877972886,0.02747076377272606,0.2644940692698583
25.285619026450323,0.09167567640542984,0.26726624683942646
25.292287174927765,0.04120102524757385,0.2651080997427925
25.298955323405202,0.06009497493505478,0.26753254549112165
25.30562347188264,0.015845634043216705,0.2652005707612261
25.31229162036008,0.055843934416770935,0.26763046637643123
25.31895976883752,0.13248442113399506,0.2387602287577465
25.32562791731496,0.014895102009177208,0.13857612891588358
25.3322960657924,0.07147397100925446,0.14067950586322694
25.33896421426984,0.004671699833124876,0.13903115093708038
25.345632362747278,0.503585696220398,0.15882392376661297
25.35230051122472,0.06903364509344101,0.15766003392636777
25.358968659702157,0.006854132283478975,0.1568969431566075
25.365636808179598,0.25996237993240356,0.16925502654630695
25.372304956657036,0.13832946121692657,0.17568123054225
25.378973105134477,0.6225284337997437,0.19423853617627176
25.385641253611915,0.299888551235199,0.20735391147900376
25.392309402089353,0.019134512171149254,0.20795984081923966
25.398977550566794,0.02718646451830864,0.12396044898778201
25.405645699044232,0.015469836071133614,0.12388151576742532
25.412313847521673,0.003223903477191925,0.1226691727526486
25.41898199599911,0.007171568460762501,0.11844396735541525
25.425650144476553,0.35419267416000366,0.13409354980103674
25.43231829295399,0.006181428208947182,0.13139787246473134
25.43898644143143,0.009340595453977585,0.13107262053526939
25.44565458990887,0.020641297101974487,0.12931248866952957
25.45232273838631,0.028475286439061165,0.12411203193478289
25.45899088686375,0.09009762853384018,0.12787215826101603
25.46565903534119,0.06169385462999344,0.12738315244205295
25.472327183818628,0.018584974110126495,0.12807881615590302
25.478995332296066,1.783935546875,0.19209630868863314
25.485663480773507,0.002616753103211522,0.18877546408912166
25.492331629250945,0.02040807716548443,0.189453161333222
25.498999777728386,0.25320902466773987,0.18911549356998877
25.505667926205824,0.21316006779670715,0.19285702389897783
25.512336074683265,0.1307600885629654,0.1682686066371389
25.519004223160703,0.4292750358581543,0.17473793086828665
25.525672371638144,0.013545099645853043,0.17445846024202186
25.532340520115582,0.025470850989222527,0.17437267956556754
25.539008668593024,0.009834984317421913,0.17409093697788194
25.54567681707046,0.19442269206047058,0.1836508764070459
25.552344965547903,0.013070253655314445,0.18394581066677348
25.55901311402534,0.2427835315465927,0.17837535353610293
25.56568126250278,0.48049837350845337,0.20209120080107826
25.57234941098022,0.4272805154323578,0.22298819679999726
25.579017559457657,0.1983782798051834,0.2318750459351577
25.5856857079351,0.021543335169553757,0.23152844837168232
25.592353856412537,0.19228146970272064,0.23663764043012636
25.599022004889978,0.07493320107460022,0.2372996077523567
25.605690153367416,0.2645348608493805,0.24959710208931937
25.612358301844857,0.031477898359298706,0.16197421966353434
25.619026450322295,0.011883335188031197,0.1624375487677753
25.625694598799736,0.04436938464641571,0.16363561414182184
25.632362747277174,3.305558204650879,0.31625307314097884
25.639030895754612,0.04032382369041443,0.30761126093566415
25.645699044232053,0.26172780990600586,0.3141596470028162
25.65236719270949,0.6267490386962891,0.324033347144723
25.659035341186932,0.11174879968166351,0.3289435321465135
25.66570348966437,0.046813223510980606,0.3300106507726014
25.67237163814181,0.17649464309215546,0.3383436337113381
25.67903978661925,0.5874150991439819,0.3579932540655137
25.68570793509669,0.014496572315692902,0.3580645699985326
25.69237608357413,0.044546596705913544,0.3481527232564986
25.69904423205157,0.025715721771121025,0.325413590669632
25.705712380529008,0.030417345464229584,0.3055704321712256
25.71238052900645,0.014061620458960533,0.29635459920391444
25.719048677483887,0.28532251715660095,0.3095435583032668
25.725716825961324,0.03595145791769028,0.3017270577140153
25.732384974438766,0.017204005271196365,0.29884059792384504
25.739053122916204,0.07221820205450058,0.28922476498410105
25.745721271393645,0.0141499824821949,0.2883583691902458
25.752389419871083,1.1348925828933716,0.3445088315755129
25.759057568348524,0.024917205795645714,0.34353622263297445
25.765725716825962,0.04365548491477966,0.18044108664616945
25.772393865303403,0.12646253407001495,0.18474802216514946
25.77906201378084,0.028099823743104935,0.17306662285700444
25.785730162258282,0.02902141772210598,0.14318024180829525
25.79239831073572,0.10509201884269714,0.14284740276634694
25.79906645921316,0.004420210607349873,0.1407277521211654
25.8057346076906,1.0573939085006714,0.18477271539159118
25.812402756168037,0.15502789616584778,0.16315335524268448
25.81907090464548,0.030641227960586548,0.1639605880249292
25.825739053122916,0.08765699714422226,0.1661161080468446
25.832407201600358,0.008540884591639042,0.1652573661878705
25.839075350077795,0.07175227999687195,0.1673241129145026
25.845743498555237,0.030325034633278847,0.1681372836232185
25.852411647032675,0.09039044380187988,0.15839067995548248
25.859079795510116,0.49307680130004883,0.18124694712460043
25.865747943987554,0.7027325630187988,0.21552337501198054
25.872416092464995,0.0964052602648735,0.2167327279224992
25.879084240942433,0.2796367406845093,0.23000706583261488
25.885752389419874,0.05580075830221176,0.17605247460305692
25.892420537897312,0.06226572021842003,0.17791990032419563
25.89908868637475,0.007904267869889736,0.17613233947195114
25.90575683485219,0.08201843500137329,0.17391013451851908
25.91242498332963,0.1023905798792839,0.177624672325328
25.91909313180707,0.0034651258029043674,0.17634685772936792
25.925761280284508,0.009084678255021572,0.17154649069998412
25.93242942876195,0.07367245107889175,0.1750091027235612
25.939097577239387,1.2268003225326538,0.18347942342516035
25.94576572571683,0.5670185685157776,0.20407895704265686
25.952433874194266,0.022768279537558556,0.20368530962150544
25.959102022671708,0.005180245265364647,0.19956147202756258
25.965770171149146,1.3926775455474854,0.2687683050753549
25.972438319626583,0.03020651452243328,0.266691016801633
25.979106468104025,0.8126120567321777,0.3058053679065779
25.985774616581462,0.09554128348827362,0.30606290989089757
25.992442765058904,0.22879648208618164,0.2928488939302043
25.99911091353634,0.0031047393567860126,0.2578675027471036
26.005779062013783,0.015994394198060036,0.2538469594437629
26.01244721049122,0.058652363717556,0.24279774059541526
26.019115358968662,0.15884877741336823,0.2479501415509731
26.0257835074461,0.08859597146511078,0.24926665411330765
26.03245165592354,0.0013811475364491343,0.24894049809663557
26.03911980440098,0.9973498582839966,0.29470706926076673
26.04578795287842,0.8099545836448669,0.3300852694490459
26.052456101355858,0.04538389667868614,0.332181207992835
26.059124249833296,0.2742566764354706,0.3454398079018574
26.065792398310737,0.29057276248931885,0.3562848234723787
26.072460546788175,0.2846163213253021,0.30917562341201116
26.079128695265616,0.12235613912343979,0.2869425019423943
26.085796843743054,0.01193807739764452,0.2864009918353985
26.092464992220496,0.8379709720611572,0.3280405281751882
26.099133140697933,0.06195282191038132,0.2615042919933331
26.105801289175375,0.01296162884682417,0.2606420477095526
26.112469437652813,3.642899990081787,0.40215644437703313
26.119137586130254,0.33811819553375244,0.414285289979307
26.12580573460769,0.1176818460226059,0.4087295581761282
26.132473883085133,0.17914415895938873,0.4175315291562583
26.13914203156257,0.038500092923641205,0.4186568140925374
26.14581018004001,0.06846652179956436,0.41914752199663785
26.15247832851745,0.026350293308496475,0.4125225977913943
26.159146476994888,0.4091237485408783,0.4285489866451826
26.16581462547233,0.008472640998661518,0.42890356131829327
26.172482773949767,0.22623379528522491,0.39034775816835465
26.17915092242721,0.9006597995758057,0.3948830189649015
26.185819070904646,0.12705744802951813,0.39896669653244315
26.192487219382087,0.02093188278377056,0.38630045684985814
26.199155367859525,0.03891661763191223,0.37371764960698783
26.205823516336967,0.36708855628967285,0.37784126135520635
26.212491664814404,0.10964050143957138,0.37720547947101296
26.219159813291846,1.6527920961380005,0.4592481804080308
26.225827961769284,0.28231391310691833,0.43146532746031885
26.23249611024672,0.005512684118002653,0.4286433205706999
26.239164258724163,0.47692084312438965,0.45184128128457823
26.2458324072016,0.3186681270599365,0.28562968813348566
26.252500555679042,0.08822087198495865,0.27313482195604594
26.25916870415648,0.03143053874373436,0.26882225659210235
26.26583685263392,0.06592652946710587,0.2631613751174882
26.27250500111136,0.055976927280426025,0.26403521683532744
26.2791731495888,0.3767539858818054,0.27944959003943953
26.285841298066238,0.6837189197540283,0.31231802136171616
26.29250944654368,0.0359722338616848,0.29366044562775645
26.299177595021117,0.08427535742521286,0.29745058144908404
26.30584574349856,0.009190363809466362,0.28659840987529606
26.312513891975996,0.34695979952812195,0.25891340987291184
26.319182040453434,0.012090461328625679,0.25316506053786725
26.325850188930875,0.06965207308530807,0.2556010700529441
26.332518337408313,0.8385453224182129,0.29558250529225916
26.339186485885755,0.7179900407791138,0.3131275795167312
26.345854634363192,0.3485596477985382,0.32507353683467954
26.352522782840634,0.5543204545974731,0.2701499547576532
26.35919093131807,0.063192218542099,0.2591938700294122
26.365859079795513,0.17657354474067688,0.2677469130605459
26.37252722827295,0.03254278376698494,0.24552801009267572
26.379195376750392,0.2481955885887146,0.24200438316911463
26.38586352522783,0.11763086915016174,0.24347488302737477
26.392531673705268,0.5992841720581055,0.27186756469309326
26.39919982218271,0.20807065069675446,0.2789747707545757
26.405867970660147,0.2319553792476654,0.28777369335293773
26.412536119137588,0.03805486485362053,0.2708387373015285
26.419204267615026,0.020616598427295685,0.23768362123519182
26.425872416092467,1.3292311429977417,0.30234656669199467
26.432540564569905,0.11559092253446579,0.30391234494745734
26.439208713047346,0.07538741827011108,0.3072221976704895
26.445876861524784,0.14354240894317627,0.29705132814124224
26.452545010002225,0.0645725354552269,0.29967543184757234
26.459213158479663,0.09786146879196167,0.30108590163290505
26.465881306957105,0.07590790092945099,0.26295403055846694
26.472549455434542,0.03211842104792595,0.2286604495719075
26.47921760391198,0.013456415385007858,0.211905287951231
26.48588575238942,0.046000707894563675,0.18648930061608554
26.49255390086686,0.10626344382762909,0.18864286188036203
26.4992220493443,0.033115897327661514,0.18146997950971125
26.50589019782174,0.01865950971841812,0.1807758158072829
26.51255834629918,0.4867129921913147,0.19270168598741294
26.519226494776618,0.021584704518318176,0.18789937775582077
26.52589464325406,0.07925834506750107,0.16189808640629055
26.532562791731497,0.13756880164146423,0.15837299395352605
26.539230940208938,0.04729960486292839,0.14914020523428917
26.545899088686376,0.5530214905738831,0.17488853652030228
26.552567237163817,0.007914640009403229,0.17425343859940767
26.559235385641255,1.413601040840149,0.17847193349152804
26.565903534118693,0.12388984858989716,0.1788868797942996
26.572571682596134,0.010637192986905575,0.17564936853013932
26.579239831073572,0.06273683905601501,0.17160909003578126
26.585907979551013,0.06772014498710632,0.17176647051237523
26.59257612802845,0.01667647622525692,0.16770722088404
26.599244276505893,0.037198249250650406,0.16577173830009997
26.60591242498333,0.0699186846613884,0.1676617514807731
26.61258057346077,0.08604583144187927,0.17129122228361668
26.61924872193821,0.7196410894393921,0.20497324136085812
26.62591687041565,0.08535430580377579,0.20392778445966547
26.63258501889309,0.05721479654312134,0.20513272942043842
26.63925316737053,0.1808590292930603,0.21324270539917053
26.645921315847968,0.6974105834960938,0.22377758496440947
26.652589464325406,0.07798870652914047,0.22659778506495057
26.659257612802847,0.03077653795480728,0.22417369470931592
26.665925761280285,0.21175916492938995,0.22788321287371222
26.672593909757726,0.026404429227113724,0.22683845409192147
26.679262058235164,0.16079014539718628,0.20722688683308663
26.685930206712605,1.4441097974777222,0.2790366447065026
26.692598355190043,0.2660318613052368,0.22165818572975696
26.699266503667484,0.32599493861198425,0.23176344023086132
26.705934652144922,0.06811472773551941,0.23463731696829201
26.712602800622363,0.1780349165201187,0.24040222084149723
26.7192709490998,0.01758968085050583,0.2378956976346672
26.725939097577243,0.21709148585796356,0.24791644811630253
26.73260724605468,0.08434049785137177,0.2502735605463386
26.739275394532118,0.024002093821763992,0.24797773100435735
26.74594354300956,0.26325860619544983,0.2568383697420359
26.752611691486997,0.1575019359588623,0.2287314120680094
26.75927983996444,0.1383001059293747,0.23137870207428934
26.765947988441877,0.4497887194156647,0.2510073982179165
26.772616136919318,0.08500383049249649,0.24621463827788836
26.779284285396756,0.013083381578326225,0.21199827818199996
26.785952433874197,0.10809869319200516,0.21350377751514316
26.792620582351635,0.004944014362990856,0.21221215133555232
26.799288730829076,0.01751762069761753,0.2025000741239637
26.805956879306514,0.03858916833996773,0.20310931107960642
26.81262502778395,0.3643702268600464,0.21328831515274943
26.819293176261393,0.004405065439641476,0.1413030785508454
26.82596132473883,0.252986341714859,0.1406508025713265
26.832629473216272,0.053402286022901535,0.12702116994187235
26.83929762169371,1.1137733459472656,0.17930410085245968
26.84596577017115,0.29339972138404846,0.18507234109565615
26.85263391864859,0.8717401623725891,0.2277798651717603
26.85930206712603,0.025105368345975876,0.21818055929616093
26.86597021560347,0.04646226391196251,0.21628664759919047
26.87263836408091,0.19845859706401825,0.2250094727613032
26.879306512558347,0.1727234423160553,0.22048271456733348
26.88597466103579,0.16229520738124847,0.2207223781384528
26.892642809513227,0.037646107375621796,0.21568967821076512
26.899310957990664,0.08781201392412186,0.19759084293618795
26.905979106468106,0.0055586183443665504,0.19361858232878149
26.912647254945544,0.010293117724359035,0.19347906913608318
26.919315403422985,0.122201107442379,0.19418418984860183
26.925983551900423,0.017516426742076874,0.19481281046755616
26.932651700377864,0.1842420995235443,0.20314903440885249
26.939319848855302,0.007124638184905052,0.20157580790109936
26.945987997332743,0.24302349984645844,0.19550847155041995
26.95265614581018,0.05834115669131279,0.1982052761130035
26.959324294287622,0.3228144645690918,0.20169668225571513
26.96599244276506,0.007968021556735039,0.1994249690324068
26.9726605912425,0.11379338055849075,0.14942597076296807
26.97932873971994,0.1747887134552002,0.14349542036652566
26.985996888197377,0.12293782830238342,0.10605530366301538
26.99266503667482,0.10280706733465195,0.10994038861244917
26.999333185152256,2.3377504348754883,0.2245047971606255
27.006001333629698,0.09033764898777008,0.21909874975681307
27.012669482107135,0.5802760124206543,0.23947637826204304
27.019337630584577,1.165527582168579,0.2896379970014096
27.026005779062015,0.8914481401443481,0.3323280986398459
27.032673927539456,0.08151408284902573,0.33201320208609114
27.039342076016894,0.1969386786222458,0.34158220509998505
27.046010224494335,0.1956060528755188,0.350847851857543
27.052678372971773,0.0319795198738575,0.34633677247911693
27.059346521449214,0.0695098340511322,0.3489364428445697
27.066014669926652,0.010289710946381092,0.3402388234157115
27.07268281840409,0.04731130972504616,0.34224815699271854
27.07935096688153,0.058728016912937164,0.3330333828460425
27.08601911535897,0.6635919213294983,0.36329592107795183
27.09268726383641,0.06917424499988556,0.3506139100994915
27.099355412313848,0.07438340038061142,0.3539346790406852
27.10602356079129,0.012830449268221855,0.34888653247617185
27.112691709268727,0.014373093843460083,0.34086575149558485
27.11935985774617,0.014382957480847836,0.33543800795450807
27.126028006223606,0.09501206874847412,0.3350482580251992
27.132696154701048,0.03998810797929764,0.22016014168038964
27.139364303178485,0.07771262526512146,0.21952889049425722
27.146032451655923,0.009547973982989788,0.19099248857237397
27.152700600133365,0.17157673835754395,0.14129494638182222
27.159368748610802,0.31501084566116333,0.11247308165766298
27.166036897088244,0.013833284378051758,0.1090890417341143
27.17270504556568,0.046762801706790924,0.10158024788834155
27.179373194043123,0.6324267387390137,0.12342128218151628
27.18604134252056,0.7179739475250244,0.15772100356407465
27.192709490998002,0.019808560609817505,0.1552359398920089
27.19937763947544,0.09456789493560791,0.15944984909147025
27.20604578795288,0.8286339044570923,0.19851597882807254
27.21271393643032,0.07053118944168091,0.19910613745450972
27.21938208490776,1.078978419303894,0.21987546235322955
27.226050233385198,0.1054326742887497,0.22168838381767275
27.232718381862636,0.013263003900647163,0.21863236399367453
27.239386530340077,0.20858018100261688,0.22841985058039427
27.246054678817515,0.022797614336013794,0.22884107660502193
27.252722827294956,0.022669358178973198,0.22925539663992822
27.259390975772394,0.48544928431510925,0.24877725741825998
27.266059124249836,0.03639082610607147,0.24859739332459865
27.272727272727273,0.2954152226448059,0.2594825231935829
27.279395421204715,0.0904010757803917,0.263525178283453
27.286063569682153,0.03741425648331642,0.25681705418974166
27.292731718159594,0.2574288547039032,0.2539379546418786
27.29939986663703,0.026651151478290558,0.25457884799689057
27.306068015114473,0.3166658580303192,0.268074000813067
27.31273616359191,1.3727519512176514,0.3050902614369989
27.31940431206935,0.021618284285068512,0.2702724782750011
27.32607246054679,0.0558106005191803,0.2720725802704692
27.332740609024228,0.21137574315071106,0.2779129726812244
27.33940875750167,0.010269321501255035,0.23699474353343253
27.346076905979107,0.06405999511480331,0.23667118381708863
27.35274505445655,0.010577435605227947,0.1832511346321553
27.359413202933986,0.06582197546958923,0.1812705996911973
27.366081351411427,0.18894171714782715,0.1900545353535563
27.372749499888865,0.16584984958171844,0.18791801878251135
27.379417648366307,1.2885680198669434,0.2512065390590578
27.386085796843744,0.03850800544023514,0.25199847142212095
27.392753945321186,0.062438830733299255,0.23084794874303044
27.399422093798623,0.16818676888942719,0.2374377458821982
27.40609024227606,2.1032187938690186,0.32782792444340886
27.412758390753503,0.1297042965888977,0.3297930854838341
27.41942653923094,0.832794725894928,0.36956210895441477
27.42609468770838,0.018970299512147903,0.3576391811948269
27.43276283618582,0.18122321367263794,0.3653677843045443
27.43943098466326,0.013170883059501648,0.35019303555600334
27.4460991331407,0.06807238608598709,0.28495905729942017
27.45276728161814,0.11904773861169815,0.2898305300157517
27.459435430095578,0.23091432452201843,0.2985857162158936
27.46610357857302,0.19328725337982178,0.2976812917273491
27.472771727050457,0.037156179547309875,0.2990256346296519
27.4794398755279,0.1025521382689476,0.30095024178735913
27.486108024005336,0.7659889459609985,0.3387208173051477
27.492776172482774,0.03374817967414856,0.3371171275153757
27.499444320960215,0.9905627369880676,0.3771981785073877
27.506112469437653,0.08778094500303268,0.3732947332784534
27.512780617915094,0.02980794757604599,0.31035672966390854
27.519448766392532,0.01424183789640665,0.3091434212867171
27.526116914869974,0.04963386058807373,0.3085031727794559
27.53278506334741,0.003929846920073032,0.30029032668098815
27.539453211824853,0.055624254047870636,0.1979105996899307
27.54612136030229,0.8782665729522705,0.23533871350809932
27.552789508779732,0.07037318497896194,0.19721763646230103
27.55945765725717,0.0013073200825601816,0.19633448749082164
27.566125805734607,0.014317077584564686,0.18798918068641798
27.57279395421205,1.1885312795639038,0.24675720051163808
27.579462102689487,0.029106302186846733,0.24480889631668107
27.586130251166928,0.051886916160583496,0.24145085519412532
27.592798399644366,0.01630917191505432,0.23072059756377708
27.599466548121807,0.03506946563720703,0.22280970817664636
27.606134696599245,0.01800929382443428,0.22185236389050259
27.612802845076686,1.377833366394043,0.2856164252967574
27.619470993554124,0.23331348598003387,0.2589826522977091
27.626139142031565,0.03739145025610924,0.2591648158268071
27.632807290509003,0.00571252079680562,0.2099223050172441
27.639475438986445,0.010407914407551289,0.20605365348747
27.646143587463882,0.006529763340950012,0.20488974427571519
27.65281173594132,0.001278417301364243,0.2042415732459631
27.65947988441876,0.03557265177369118,0.20353851280524393
27.6661480328962,0.475100576877594,0.22709704930312
27.67281618137364,0.2670714259147644,0.2376694078964647
27.67948432985108,0.16124318540096283,0.20181823851889932
27.68615247832852,0.055629175156354904,0.20108103802776897
27.692820626805958,0.049829065799713135,0.20350712531362658
27.6994887752834,0.015903329476714134,0.20358643790823405
27.706156923760837,0.023707062005996704,0.14534522703033873
27.712825072238278,0.07839298248291016,0.1478095610451419
27.719493220715716,0.2197403907775879,0.15620223477599207
27.726161369193157,0.11532530188560486,0.1611530412745196
27.732829517670595,0.0778135359287262,0.1632902447890956
27.739497666148033,0.015249961987137794,0.1631522781972308
27.746165814625474,0.004205176141113043,0.09447086868458428
27.752833963102912,0.3549649119377136,0.10055343998246827
27.759502111580353,0.02028580754995346,0.09969815784716046
27.76617026005779,0.41179463267326355,0.12000226344098339
27.772838408535232,0.12386451661586761,0.12567509355139916
27.77950655701267,0.06016778200864792,0.12835699448478408
27.78617470549011,0.14470036327838898,0.1355280917836353
27.79284285396755,0.032538898289203644,0.13537640410941093
27.79951100244499,0.6298071146011353,0.143111730995588
27.80617915092243,0.778900146484375,0.1687031670240685
27.81284729939987,0.06083224341273308,0.16368261992465705
27.819515447877308,0.413141667842865,0.18155824455898253
27.826183596354745,0.003296045819297433,0.1792315935599618
27.832851744832187,0.008556848391890526,0.17886426950572062
27.839519893309625,0.06888283044099808,0.18112305792747072
27.846188041787066,0.1354600489139557,0.18397641124902298
27.852856190264504,0.8349205255508423,0.2147354179876857
27.859524338741945,0.8278716802597046,0.25036273690639066
27.866192487219383,0.11487483233213425,0.25221580172656105
27.872860635696824,0.12688761949539185,0.2577976846019738
27.879528784174262,0.017845114693045616,0.2584796815295704
27.886196932651703,0.6045227646827698,0.2709575741668232
27.89286508112914,0.011206693947315216,0.2705036184866913
27.89953322960658,1.0782015323638916,0.30382396347122276
27.90620137808402,0.0938718318939209,0.3023243292351254
27.912869526561458,0.0066800955682992935,0.2996499449131079
27.9195376750389,0.1731797307729721,0.30107391328783706
27.926205823516337,0.3242490887641907,0.31565942281158643
27.93287397199378,0.012511582113802433,0.2847946461872197
27.939542120471216,0.057142309844493866,0.2487067543552257
27.946210268948658,0.029223570600152016,0.24712632071459667
27.952878417426096,0.022381920367479324,0.22758833334082737
27.959546565903537,0.016886860132217407,0.22826787405647336
27.966214714380975,0.04665788635611534,0.2301729259546846
27.972882862858416,1.3886390924453735,0.2961607390549034
27.979551011335854,0.09069814532995224,0.29392264387570327
27.98621915981329,0.25630277395248413,0.2649917562957853
27.992887308290733,0.30675408244132996,0.2389358764048666
27.99955545676817,1.877987265586853,0.32709149806760257
28.006223605245612,0.06326232105493546,0.32391023314557976
28.01289175372305,0.36356526613235474,0.3411962407175452
28.01955990220049,0.47288942337036133,0.3346145736519248
28.02622805067793,0.09191186726093292,0.3386498323176057
28.03289619915537,0.027993524447083473,0.2861394319217653
28.03956434763281,0.08413799107074738,0.2856527398806066
28.04623249611025,0.07549551129341125,0.2890935106668621
28.052900644587687,1.7734150886535645,0.36910527856089176
28.05956879306513,0.043451134115457535,0.3550653808284551
28.066236941542567,0.07496751844882965,0.3581881776452065
28.072905090020004,0.0006480318261310458,0.3553634637442884
28.079573238497446,0.05609402805566788,0.3567069866170642
28.086241386974883,0.050290971994400024,0.35810243919841017
28.092909535452325,0.4723223149776459,0.3808742119406816
28.099577683929763,0.06520639359951019,0.3818016373028513
28.106245832407204,0.20079341530799866,0.3224093534459826
28.11291398088464,0.21437150239944458,0.32859302129945717
28.119582129362083,0.026584794744849205,0.31710712233907545
28.12625027783952,0.10419751703739166,0.3069792940688785
28.132918426316962,0.11841380596160889,0.21900062108761637
28.1395865747944,0.013275997713208199,0.21650130492052996
28.14625472327184,0.019958697259426117,0.19932097647688352
28.15292287174928,0.03787900134921074,0.177570455375826
28.159591020226717,0.031412869691848755,0.17454550549737177
28.16625916870416,0.022553762421011925,0.17427351739606822
28.172927317181596,0.06042908504605293,0.1730880720948335
28.179595465659038,0.39700978994369507,0.1891637860273477
28.186263614136475,0.3182694911956787,0.11640650615445339
28.192931762613917,0.007565177045762539,0.11461220830096863
28.199599911091354,0.023743361234664917,0.1120510004402604
28.206268059568796,0.5770673155784607,0.14087196462787688
28.212936208046234,0.14177295565605164,0.14515591100789607
28.219604356523675,0.12418949604034424,0.1488508372101933
28.226272505001113,0.05844037979841232,0.1281567404512316
28.232940653478554,0.45929479598999023,0.1478611605707556
28.239608801955992,0.09809248149394989,0.14272611388005316
28.24627695043343,0.3446955382823944,0.14924231567420068
28.25294509891087,0.004671717062592506,0.14814666179008784
28.25961324738831,0.4718190133571625,0.1665277366060764
28.26628139586575,0.24397723376750946,0.1728059079963714
28.272949544343188,0.04483191668987274,0.17438370394520464
28.27961769282063,0.07141828536987305,0.17695668335072698
28.286285841298067,0.007388429716229439,0.17543215476907792
28.29295398977551,0.06345153599977493,0.1770340880844742
28.299622138252946,0.1374283879995346,0.18277781936340037
28.306290286730388,0.016789548099040985,0.18059584251604976
28.312958435207825,0.24521669745445251,0.17300618789158762
28.319626583685263,0.0661340057849884,0.16039941362105312
28.326294732162705,0.006486271508038044,0.1603454683441669
28.332962880640142,0.05098433792591095,0.16170751717872922
28.339631029117584,0.08848858624696732,0.13727858071215457
28.34629917759502,0.0774901732802391,0.13406444159336392
28.352967326072463,0.17426347732543945,0.13656814065761863
28.3596354745499,0.9219062328338623,0.17974143330939113
28.366303623027342,0.026717592030763626,0.15811257311142984
28.37297177150478,0.3760138750076294,0.1720086427871138
28.37963991998222,0.5356591939926147,0.1815568255726248
28.38630806845966,0.014836559072136879,0.18206506767310204
28.3929762169371,0.26902851462364197,0.171925542736426
28.399644365414538,0.011863403022289276,0.16031985119916498
28.406312513891976,0.03586392477154732,0.15987145160324873
28.412980662369417,0.019759248942136765,0.1572884997818619
28.419648810846855,0.10043145716190338,0.1619406511541456
28.426316959324296,0.04465533420443535,0.16100084106437865
28.432985107801734,0.6266650557518005,0.1854626744519919
28.439653256279176,0.12222184240818024,0.1907342891674489
28.446321404756613,0.14076918363571167,0.18551191347651183
28.452989553234055,0.13381128013134003,0.1888957771938294
28.459657701711492,0.8720014691352844,0.23217153707519173
28.466325850188934,1.5137591361999512,0.3053102769888938
28.47299399866637,0.17109540104866028,0.3094406177289784
28.479662147143813,0.01659918762743473,0.30639606844633815
28.48633029562125,0.1142977923154831,0.30339778419584035
28.49299844409869,0.026539504528045654,0.2586294477805496
28.49966659257613,0.19580604135990143,0.26708387024700647
28.506334741053568,0.14433956146240234,0.2555001545697451
28.51300288953101,0.25447481870651245,0.24144093580544
28.519671038008447,0.1686856597661972,0.24913339084014302
28.526339186485888,0.0096269017085433,0.23616331019438808
28.533007334963326,0.3900455832481384,0.2550724192056805
28.539675483440767,0.13719402253627777,0.26013892409391703
28.546343631918205,0.2743450999259949,0.2728682166431099
28.553011780395646,0.10482899844646454,0.273088093707338
28.559679928873084,0.2841128706932068,0.28506097053177654
28.566348077350526,0.09352444112300873,0.25840393980033693
28.573016225827963,0.07980157434940338,0.25628292639739814
28.5796843743054,0.3507341742515564,0.2667811759281904
28.586352522782843,0.3185662031173706,0.2760189220774919
28.59302067126028,0.05473843589425087,0.23515577041544025
28.59968881973772,1.940041422843933,0.2564698847476393
28.60635696821516,0.010448945686221123,0.24843756197951736
28.6130251166926,0.22240689396858215,0.2587279472965747
28.61969326517004,0.18476778268814087,0.2622514468152076
28.62636141364748,0.03152275085449219,0.26250060913153
28.633029562124918,1.2281060218811035,0.31411560815759004
28.63969771060236,0.009059463627636433,0.30735160326585176
28.646365859079797,0.036015499383211136,0.2964286372996867
28.65303400755724,0.003464464098215103,0.2881675775162875
28.659702156034676,0.5545516014099121,0.315413812501356
28.666370304512114,0.20792554318904877,0.3063078104984015
28.673038452989555,0.5608614683151245,0.32749118278734385
28.679706601466993,0.22531403601169586,0.32503962959162896
28.686374749944434,0.022750724107027054,0.3209357158746571
28.693042898421872,0.05728379637002945,0.30959426215849817
28.699711046899314,0.32640114426612854,0.3212380973156541
28.70637919537675,0.0145015399903059,0.3179730955976993
28.713047343854193,0.05996502935886383,0.30343463835306467
28.71971549233163,0.12139839679002762,0.2935762480366975
28.726383640809072,0.006193514913320541,0.29114900198765103
28.73305178928651,1.0839492082595825,0.2483443912584335
28.739719937763947,0.593061625957489,0.2774750252719969
28.74638808624139,0.2363189458847046,0.278170627867803
28.753056234718827,0.048418425023555756,0.27135315998457377
28.759724383196268,0.33617186546325684,0.286585615715012
28.766392531673706,0.21846525371074677,0.23610357730649412
28.773060680151147,0.07063211500644684,0.23918220987543465
28.779728828628585,0.05710859224200249,0.2402368645183742
28.786396977106026,0.046243470162153244,0.24237581482157114
28.793065125583464,0.1338413804769516,0.22134030377492311
28.799733274060905,0.09646133333444595,0.21576709328219298
28.806401422538343,0.025304244831204414,0.18898923210799698
28.813069571015784,0.01557721197605133,0.17850239090621473
28.819737719493222,0.16054889559745789,0.18539229948073627
28.82640586797066,0.46063336730003357,0.20555977802723643
28.8330740164481,0.021244117990136147,0.19030192671343682
28.83974216492554,0.051547497510910034,0.19215422458946702
28.84641031340298,0.0038606866728514433,0.18934900745516642
28.85307846188042,0.6707574725151062,0.21681696124142036
28.85974661035786,0.5276588797569275,0.2428902294836007
28.866414758835298,0.18082410097122192,0.19773397411918267
28.87308290731274,0.08707888424396515,0.17243483703350648
28.879751055790177,0.018857400864362717,0.1615617597824894
28.886419204267618,0.22383104264736176,0.1703323906636797
28.893087352745056,0.039620548486709595,0.15550482481485234
28.899755501222497,0.030858855694532394,0.1461245049140416
28.906423649699935,0.0004989702720195055,0.14261784767732022
28.913091798177373,0.04779504984617233,0.1421521705575287
28.919759946654814,0.3773155212402344,0.15870577311143277
28.926428095132252,0.14035658538341522,0.15903153335675596
28.933096243609693,0.9152242541313171,0.19996967939659954
28.93976439208713,0.18157267570495605,0.20778310094028718
28.946432540564572,0.0855298861861229,0.21128073465079072
28.95310068904201,0.05946186184883118,0.2062263829633594
28.95976883751945,0.7774087190628052,0.22206515055149798
28.96643698599689,0.09349008649587631,0.22567744897678502
28.97310513447433,1.1054463386535645,0.2783723910339177
28.97977328295177,0.20354507863521576,0.28835661063203594
28.98644143142921,0.8846436738967896,0.2990509207011201
28.993109579906648,0.0278666652739048,0.2740613099769689
28.999777728384085,0.04695969074964523,0.2673680894658901
29.006445876861527,0.00822492130100727,0.2634253913187422
29.013114025338965,0.17870227992534637,0.2714176352717914
29.019782173816406,0.018903657793998718,0.2611712660291232
29.026450322293844,0.037845414131879807,0.2610825093113817
29.033118470771285,0.003066087607294321,0.2596928709070198
29.039786619248723,0.01859261840581894,0.26059755331370976
29.046454767726164,0.699036180973053,0.2931596098700538
29.053122916203602,0.013657163828611374,0.27497669199947267
29.059791064681043,1.7670789957046509,0.3563128125155344
29.06645921315848,0.6395571231842041,0.34252945596817885
29.07312736163592,0.4279651343822479,0.3548490789020434
29.07979551011336,0.04328766465187073,0.35273696782533087
29.086463658590798,0.030189095064997673,0.35127332948613915
29.09313180706824,0.4379420876502991,0.3342999979155138
29.099799955545677,0.0236968994140625,0.33081033856142317
29.10646810402312,0.05747413635253906,0.2784117284463719
29.113136252500556,0.22280114889144897,0.27937453195918355
29.119804400977998,0.0024993871338665485,0.23526731762103736
29.126472549455436,0.19042837619781494,0.24339540316723285
29.133140697932877,0.01492273062467575,0.24179355516098439
29.139808846410315,0.04353000223636627,0.24355880920775233
29.146476994887756,1.6865010261535645,0.3189487465191632
29.153145143365194,0.013011264614760876,0.3186541268602014
29.15981329184263,0.026609517633914948,0.3180923320353031
29.166481440320073,0.11615847051143646,0.3237469511805102
29.17314958879751,0.42231205105781555,0.3439329228131101
29.179817737274952,0.25575122237205505,0.3217686748830602
29.18648588575239,0.0044471086002886295,0.321308172121644
29.19315403422983,0.225542351603508,0.24423133991658685
29.19982218270727,0.04602070152759552,0.21455451883375645
29.20649033118471,0.48997074365615845,0.217654799297452
29.213158479662148,0.23678737878799438,0.22732978500425816
29.21982662813959,0.0919363871216774,0.23041714960709211
29.226494776617027,0.14924906194210052,0.2159824983216822
29.23316292509447,0.1018105298280716,0.21988817984238265
29.239831073571906,0.23369456827640533,0.22869920143857594
29.246499222049344,0.2807345986366272,0.2315958739258349
29.253167370526786,0.02111467719078064,0.2325266384286806
29.259835519004223,0.03805376589298248,0.22490790791343895
29.266503667481665,0.8788328766822815,0.26810341521631925
29.273171815959103,0.4137271046638489,0.2866132703376934
29.279839964436544,0.7583775520324707,0.24020709663163875
29.28650811291398,0.059035733342170715,0.24250832006800926
29.293176261391423,0.017863204702734947,0.24207100442145024
29.29984440986886,0.04839503392577171,0.23868283259216697
29.306512558346302,0.008871017955243587,0.2180107809370384
29.31318070682374,0.04141472652554512,0.20729395614471285
29.31984885530118,0.07675354182720184,0.21090927780605853
29.32651700377862,0.11928720027208328,0.20559652023948732
29.333185152256057,1.4439276456832886,0.27549186744727194
29.3398533007335,0.10257052630186081,0.2561218565795571
29.346521449210936,0.024480052292346954,0.24550649025477472
29.353189597688377,0.22034548223018646,0.25192694501020013
29.359857746165815,0.021924743428826332,0.24556072908453644
29.366525894643257,0.011332389898598194,0.2410368220880628
29.373194043120694,0.4162786602973938,0.2501660266891122
29.379862191598136,0.015391763299703598,0.23689888492226602
29.386530340075574,0.2766948640346527,0.24967789426445966
29.393198488553015,0.0694199874997139,0.2512462053447962
29.399866637030453,0.06106337159872055,0.21035773009061812
29.406534785507894,0.048578955233097076,0.19210032261908055
29.413202933985332,0.03212116286158562,0.15578750316053633
29.41987108246277,0.24622628092765808,0.16514703053981072
29.42653923094021,0.0249604694545269,0.16550189377740027
29.43320737941765,0.046717267483472824,0.16541800545528532
29.43987552789509,0.20165976881980896,0.17505744299851358
29.446543676372528,0.07342598587274551,0.1766580059658736
29.45321182484997,0.09259555488824844,0.1774501066189259
29.459879973327407,0.009685896337032318,0.17197004142217337
29.46654812180485,0.0070077283307909966,0.1001240455545485
29.473216270282286,0.23419229686260223,0.10670513408258558
29.479884418759728,0.09632110595703125,0.11029718676581979
29.486552567237165,0.013201179914176464,0.09993997165001929
29.493220715714603,0.17823201417922974,0.10775533518753948
29.499888864192044,0.24599534273147583,0.11948848282918337
29.506557012669482,0.07478644698858261,0.1024138721637428
29.513225161146924,0.39541763067245483,0.12141516553238037
29.51989330962436,0.07609181851148605,0.11138501325622203
29.526561458101803,0.1626293957233429,0.11604548366740347
29.53322960657924,0.04991728812456131,0.11548817949369551
29.539897755056682,1.1134147644042969,0.1687299699522555
29.54656590353412,0.5073977112770081,0.19249379737302663
29.55323405201156,0.012900477275252342,0.18082750719040633
29.559902200489,1.4891287088394165,0.2540359191596508
29.56657034896644,0.13651077449321747,0.25852559451013796
29.573238497443878,0.046651046723127365,0.25077515840530396
29.579906645921316,0.6639193892478943,0.2802998285740614
29.586574794398757,0.07842938601970673,0.2795915201306343
29.593242942876195,0.12473054975271225,0.2853437528014183
29.599911091353636,0.05028693005442619,0.2875077128876001
29.606579239831074,0.020019739866256714,0.27679908503778283
29.613247388308515,0.03357091546058655,0.27366157551296055
29.619915536785953,0.035392049700021744,0.2747711190022528
29.626583685263395,0.05037486553192139,0.2683782615698874
29.633251833740832,0.009076859802007675,0.25653233742341397
29.639919982218274,0.00725633604452014,0.2531558318762108
29.64658813069571,0.07437589764595032,0.23710374522488561
29.653256279173153,0.16940756142139435,0.24176953237038104
29.65992442765059,0.01639394275844097,0.23445775972213595
29.66659257612803,0.049937427043914795,0.2344587666681036
29.67326072460547,0.7098435163497925,0.2142802042653784
29.679928873082908,0.02389153465628624,0.1901048954343423
29.68659702156035,0.4194573163986206,0.21043273739051072
29.693265170037787,0.0890912115573883,0.14043086252640935
29.699933318515228,0.5245850086212158,0.15983457423280922
29.706601466992666,0.1690128892660141,0.16595266635995357
29.713269615470107,0.03315974771976471,0.1344146842835471
29.719937763947545,0.004573030397295952,0.13072186650242656
29.726605912424986,0.3876584768295288,0.14386826285626741
29.733274060902424,0.24271856248378754,0.15348984447773548
29.739942209379866,0.21462726593017578,0.1632202207809314
29.746610357857303,0.07552149146795273,0.1653177495812997
29.75327850633474,0.06917566806077957,0.1670069304993376
29.759946654812182,0.29995986819267273,0.1794861806323752
29.76661480328962,0.16082383692264557,0.1870735294884071
29.77328295176706,0.07551977038383484,0.19048670120537284
29.7799511002445,1.7745496034622192,0.2754953864961863
29.78661924872194,0.023951241746544838,0.2682225705124438
29.79328739719938,0.09851589798927307,0.2723286682739854
29.79995554567682,0.38132867217063904,0.2888982305303216
29.806623694154258,0.2024337202310562,0.26352774072438484
29.8132918426317,0.03126422315835953,0.2638963751494885
29.819959991109137,0.2902164161205292,0.25743433013558387
29.826628139586575,2.3160946369171143,0.36878450140357016
29.833296288064016,0.3859370946884155,0.36185210570693016
29.839964436541454,0.07931843400001526,0.35736738294363024
29.846632585018895,0.4545294940471649,0.37843587026000025
29.853300733496333,0.5638533234596252,0.4063998849131167
29.859968881973774,0.3689294755458832,0.4054634348489344
29.866637030451212,0.08797891438007355,0.3977264524437487
29.873305178928653,0.07880154252052307,0.39093516627326613
29.87997332740609,0.009512068703770638,0.38763469513505705
29.886641475883533,0.005322295241057873,0.38444202649407094
29.89330962436097,0.008793418295681477,0.3698837039992214
29.89997777283841,0.014625666663050652,0.36257379548624163
29.90664592131585,0.31922054290771484,0.3747588341124356
29.913314069793287,0.09217920899391174,0.2906403143890202
29.91998221827073,0.010271457955241203,0.289956325199455
29.926650366748166,0.014306102879345417,0.2857458354439587
29.933318515225608,0.17059676349163055,0.27520924001000824
29.939986663703046,0.16609124839305878,0.27339211641810834
29.946654812180487,0.005154996179044247,0.2720866550691426
29.953322960657925,0.10060834139585495,0.2626062513329089
29.959991109135366,0.9016535878181458,0.19188419887796046
29.966659257612804,0.1599462777376175,0.18058465803042056
29.973327406090245,0.045815594494342804,0.17890951605513694
29.979995554567683,0.032684143632650375,0.1578172485344112
29.986663703045124,0.034882985055446625,0.13136873161420226
29.993331851522562,1.3341087102890015,0.1796276933513582
30.0,0.529847264289856,0.20172111084684732
